Provider,GPU_Variant,Price_Original,Price_Numeric,Currency,GPU_Count,GPU_Type,Pricing_Model,Timestamp,Source_File,Price_USD,EUR_to_USD_Rate,INR_to_USD_Rate,Conversion_Date,Price (USD),VariantType,GPUCountFromName,EffectiveGPUCount,PricePerGPU,PerformanceRatio,NormalizedPrice
HyperStack,H100 SXM,$2.40,2.4,USD,1,H100,On-Demand,2025-11-08 01:42:54,File_1_36_providers,2.4,1.1561,0.01128,2025-11-08 01:44:12,2.4,SXM,1,1,2.4,1.0000010000000001,2.3999976000023997
HyperStack,H100 NVLink,$1.95,1.95,USD,1,H100,On-Demand,2025-11-08 01:42:54,File_1_36_providers,1.95,1.1561,0.01128,2025-11-08 01:44:12,1.95,NVL,1,1,1.95,1.0474035858208957,1.8617465381996954
HyperStack,H100 (Standard),$1.90,1.9,USD,1,H100,On-Demand,2025-11-08 01:42:54,File_1_36_providers,1.9,1.1561,0.01128,2025-11-08 01:44:12,1.9,SXM,1,1,1.9,1.0000010000000001,1.8999981000018997
CoreWeave,HGX H100 (8x GPUs),$49.24,49.24,USD,8,H100,On-Demand,2025-11-08 01:42:54,File_1_36_providers,49.24,1.1561,0.01128,2025-11-08 01:44:12,49.24,SXM,8,8,6.155,1.0000010000000001,6.154993845006154
CUDO Compute,H100 PCIe (On-Demand),$2.45,2.45,USD,1,H100,On-Demand,2025-11-08 01:42:54,File_1_36_providers,2.45,1.1561,0.01128,2025-11-08 01:44:12,2.45,PCIe,1,1,2.45,0.8312133384896913,2.947498417736694
CUDO Compute,H100 PCIe (Reserved),$1.79,1.79,USD,1,H100,Reserved,2025-11-08 01:42:54,File_1_36_providers,1.79,1.1561,0.01128,2025-11-08 01:44:12,1.79,PCIe,1,1,1.79,0.8312133384896913,2.1534784358157886
CUDO Compute,H100 SXM (On-Demand),$1.79,1.79,USD,1,H100,On-Demand,2025-11-08 01:42:54,File_1_36_providers,1.79,1.1561,0.01128,2025-11-08 01:44:12,1.79,SXM,1,1,1.79,1.0000010000000001,1.7899982100017897
CUDO Compute,H100 SXM (Reserved),$1.34,1.34,USD,1,H100,Reserved,2025-11-08 01:42:54,File_1_36_providers,1.34,1.1561,0.01128,2025-11-08 01:44:12,1.34,SXM,1,1,1.34,1.0000010000000001,1.3399986600013398
Atlantic.Net,H100NVL (1x GPU),$3.941,3.941,USD,1,H100,On-Demand,2025-11-08 01:42:54,File_1_36_providers,3.941,1.1561,0.01128,2025-11-08 01:44:12,3.941,NVL,1,1,3.941,1.0474035858208957,3.762637490792307
Atlantic.Net,H100NVL (4x GPUs),$15.765,15.765,USD,4,H100,On-Demand,2025-11-08 01:42:54,File_1_36_providers,15.765,1.1561,0.01128,2025-11-08 01:44:12,15.765,NVL,4,4,3.94125,1.0474035858208957,3.7628761762459226
Atlantic.Net,H100NVL (8x GPUs),$31.531,31.531,USD,8,H100,On-Demand,2025-11-08 01:42:54,File_1_36_providers,31.531,1.1561,0.01128,2025-11-08 01:44:12,31.531,NVL,8,8,3.941375,1.0474035858208957,3.76299551897273
Atlantic.Net,H100NVL,$2648.4,2648.4,USD,1,H100,On-Demand,2025-11-08 01:42:54,File_1_36_providers,2648.4,1.1561,0.01128,2025-11-08 01:44:12,2648.4,NVL,1,1,2648.4,1.0474035858208957,2528.5382214195247
Civo,H100 SXM (1x GPU) Standard,$2.99,2.99,USD,1,H100,On-Demand,2025-11-08 01:42:54,File_1_36_providers,2.99,1.1561,0.01128,2025-11-08 01:44:12,2.99,SXM,1,1,2.99,1.0000010000000001,2.98999701000299
Civo,H100 SXM (1x GPU) Discounted,$2.49,2.49,USD,1,H100,Discounted,2025-11-08 01:42:54,File_1_36_providers,2.49,1.1561,0.01128,2025-11-08 01:44:12,2.49,SXM,1,1,2.49,1.0000010000000001,2.48999751000249
Civo,H100 SXM (8x GPUs) Standard,$23.92,23.92,USD,8,H100,On-Demand,2025-11-08 01:42:54,File_1_36_providers,23.92,1.1561,0.01128,2025-11-08 01:44:12,23.92,SXM,8,8,2.99,1.0000010000000001,2.98999701000299
Civo,H100 SXM (8x GPUs) Discounted,$19.92,19.92,USD,8,H100,Discounted,2025-11-08 01:42:54,File_1_36_providers,19.92,1.1561,0.01128,2025-11-08 01:44:12,19.92,SXM,8,8,2.49,1.0000010000000001,2.48999751000249
Civo,H100 PCI (1x GPU) Standard,$2.49,2.49,USD,1,H100,On-Demand,2025-11-08 01:42:54,File_1_36_providers,2.49,1.1561,0.01128,2025-11-08 01:44:12,2.49,PCIe,1,1,2.49,0.8312133384896913,2.995620840883416
Civo,H100 PCI (1x GPU) Discounted,$1.99,1.99,USD,1,H100,Discounted,2025-11-08 01:42:54,File_1_36_providers,1.99,1.1561,0.01128,2025-11-08 01:44:12,1.99,PCIe,1,1,1.99,0.8312133384896913,2.394090551549396
Civo,H100 PCI (2x GPUs) Standard,$4.98,4.98,USD,2,H100,On-Demand,2025-11-08 01:42:54,File_1_36_providers,4.98,1.1561,0.01128,2025-11-08 01:44:12,4.98,PCIe,2,2,2.49,0.8312133384896913,2.995620840883416
Civo,H100 PCI (2x GPUs) Discounted,$3.98,3.98,USD,2,H100,Discounted,2025-11-08 01:42:54,File_1_36_providers,3.98,1.1561,0.01128,2025-11-08 01:44:12,3.98,PCIe,2,2,1.99,0.8312133384896913,2.394090551549396
Civo,H100 PCI (4x GPUs) Standard,$9.96,9.96,USD,4,H100,On-Demand,2025-11-08 01:42:54,File_1_36_providers,9.96,1.1561,0.01128,2025-11-08 01:44:12,9.96,PCIe,4,4,2.49,0.8312133384896913,2.995620840883416
Civo,H100 PCI (4x GPUs) Discounted,$7.96,7.96,USD,4,H100,Discounted,2025-11-08 01:42:54,File_1_36_providers,7.96,1.1561,0.01128,2025-11-08 01:44:12,7.96,PCIe,4,4,1.99,0.8312133384896913,2.394090551549396
Civo,H100 PCI (8x GPUs) Standard,$19.92,19.92,USD,8,H100,On-Demand,2025-11-08 01:42:54,File_1_36_providers,19.92,1.1561,0.01128,2025-11-08 01:44:12,19.92,PCIe,8,8,2.49,0.8312133384896913,2.995620840883416
Civo,H100 PCI (8x GPUs) Discounted,$15.92,15.92,USD,8,H100,Discounted,2025-11-08 01:42:54,File_1_36_providers,15.92,1.1561,0.01128,2025-11-08 01:44:12,15.92,PCIe,8,8,1.99,0.8312133384896913,2.394090551549396
OVHcloud,H100 (AI Training/Notebooks),₹281.6,281.6,INR,1,H100,On-Demand,2025-11-08 01:42:54,File_1_36_providers,3.1764,1.1561,0.01128,2025-11-08 01:44:12,3.1764,SXM,1,1,3.1764,1.0000010000000001,3.176396823603176
Gcore,H100 SXM (8x GPUs - GPU Cloud),€22.04 (€2.76/GPU),2.76,EUR,8,H100,On-Demand,2025-11-08 01:42:54,File_1_36_providers,3.1908,1.1561,0.01128,2025-11-08 01:44:12,3.1908,SXM,8,8,0.39885,1.0000010000000001,0.3988496011503988
Koyeb,H100 (1x GPU),$3.30,3.3,USD,1,H100,On-Demand,2025-11-08 01:42:54,File_1_36_providers,3.3,1.1561,0.01128,2025-11-08 01:44:12,3.3,SXM,1,1,3.3,1.0000010000000001,3.2999967000032995
Koyeb,H100 (2x GPUs),$6.60,6.6,USD,2,H100,On-Demand,2025-11-08 01:42:54,File_1_36_providers,6.6,1.1561,0.01128,2025-11-08 01:44:12,6.6,SXM,2,2,3.3,1.0000010000000001,3.2999967000032995
Koyeb,H100 (4x GPUs),$13.20,13.2,USD,4,H100,On-Demand,2025-11-08 01:42:54,File_1_36_providers,13.2,1.1561,0.01128,2025-11-08 01:44:12,13.2,SXM,4,4,3.3,1.0000010000000001,3.2999967000032995
FluidStack,H100 SXM (per GPU),$2.10,2.1,USD,1,H100,On-Demand,2025-11-08 01:42:54,File_1_36_providers,2.1,1.1561,0.01128,2025-11-08 01:44:12,2.1,SXM,1,1,2.1,1.0000010000000001,2.0999979000020996
FluidStack,H100 (per GPU),$2.10,2.1,USD,1,H100,On-Demand,2025-11-08 01:42:54,File_1_36_providers,2.1,1.1561,0.01128,2025-11-08 01:44:12,2.1,SXM,1,1,2.1,1.0000010000000001,2.0999979000020996
Nebius,HGX H100 (On-Demand),$2.95,2.95,USD,1,H100,On-Demand,2025-11-08 01:42:54,File_1_36_providers,2.95,1.1561,0.01128,2025-11-08 01:44:12,2.95,SXM,1,1,2.95,1.0000010000000001,2.94999705000295
TaigaCloud,H100 SXM (1x GPU),$11.20,11.2,USD,1,H100,On-Demand,2025-11-08 01:42:54,File_1_36_providers,11.2,1.1561,0.01128,2025-11-08 01:44:12,11.2,SXM,1,1,11.2,1.0000010000000001,11.199988800011198
TaigaCloud,H100 SXM (4x GPUs),$11.20,11.2,USD,4,H100,On-Demand,2025-11-08 01:42:54,File_1_36_providers,11.2,1.1561,0.01128,2025-11-08 01:44:12,11.2,SXM,4,4,2.8,1.0000010000000001,2.7999972000027995
TaigaCloud,H100 SXM (8x GPUs),$22.40,22.4,USD,8,H100,On-Demand,2025-11-08 01:42:54,File_1_36_providers,22.4,1.1561,0.01128,2025-11-08 01:44:12,22.4,SXM,8,8,2.8,1.0000010000000001,2.7999972000027995
Neysa.ai,H100 SXM (Monthly Commitment),$2.55,2.55,USD,1,H100,Monthly,2025-11-08 01:42:54,File_1_36_providers,2.55,1.1561,0.01128,2025-11-08 01:44:12,2.55,SXM,1,1,2.55,1.0000010000000001,2.5499974500025493
Neysa.ai,H100 SXM (80GB),$4.59,4.59,USD,1,H100,On-Demand,2025-11-08 01:42:54,File_1_36_providers,4.59,1.1561,0.01128,2025-11-08 01:44:12,4.59,SXM,1,1,4.59,1.0000010000000001,4.589995410004589
ShaktiCloud,H100 Bare Metal (per GPU),₹325,325.0,INR,1,H100,On-Demand,2025-11-08 01:42:54,File_1_36_providers,3.666,1.1561,0.01128,2025-11-08 01:44:12,3.666,SXM,1,1,3.666,1.0000010000000001,3.6659963340036654
ShaktiCloud,H100 SLURM (per GPU),₹325,325.0,INR,1,H100,On-Demand,2025-11-08 01:42:54,File_1_36_providers,3.666,1.1561,0.01128,2025-11-08 01:44:12,3.666,SXM,1,1,3.666,1.0000010000000001,3.6659963340036654
ShaktiCloud,H100 Kubernetes (per GPU),₹325,325.0,INR,1,H100,On-Demand,2025-11-08 01:42:54,File_1_36_providers,3.666,1.1561,0.01128,2025-11-08 01:44:12,3.666,SXM,1,1,3.666,1.0000010000000001,3.6659963340036654
ShaktiCloud,H100 Serverless 80GB (per hour),₹432.00,432.0,INR,1,H100,On-Demand,2025-11-08 01:42:54,File_1_36_providers,4.873,1.1561,0.01128,2025-11-08 01:44:12,4.873,SXM,1,1,4.873,1.0000010000000001,4.872995127004873
ShaktiCloud,H100 Serverless 40GB (per hour),₹216.00,216.0,INR,1,H100,On-Demand,2025-11-08 01:42:54,File_1_36_providers,2.4365,1.1561,0.01128,2025-11-08 01:44:12,2.4365,SXM,1,1,2.4365,1.0000010000000001,2.4364975635024364
ShaktiCloud,H100 Azure ML (per GPU),₹264,264.0,INR,1,H100,On-Demand,2025-11-08 01:42:54,File_1_36_providers,2.9779,1.1561,0.01128,2025-11-08 01:44:12,2.9779,SXM,1,1,2.9779,1.0000010000000001,2.9778970221029777
Lambda Labs,H100 SXM (On-Demand per GPU),$2.99,2.99,USD,1,H100,On-Demand,2025-11-08 01:42:54,File_1_36_providers,2.99,1.1561,0.01128,2025-11-08 01:44:12,2.99,SXM,1,1,2.99,1.0000010000000001,2.98999701000299
Lambda Labs,H100 1-Click Clusters (Reserved),$2.40,2.4,USD,1,H100,Reserved,2025-11-08 01:42:54,File_1_36_providers,2.4,1.1561,0.01128,2025-11-08 01:44:12,2.4,SXM,1,1,2.4,1.0000010000000001,2.3999976000023997
Lambda Labs,H100,$3.79,3.79,USD,1,H100,On-Demand,2025-11-08 01:42:54,File_1_36_providers,3.79,1.1561,0.01128,2025-11-08 01:44:12,3.79,SXM,1,1,3.79,1.0000010000000001,3.7899962100037894
Lambda Labs,H100 SXM,$2.99,2.99,USD,1,H100,On-Demand,2025-11-08 01:42:54,File_1_36_providers,2.99,1.1561,0.01128,2025-11-08 01:44:12,2.99,SXM,1,1,2.99,1.0000010000000001,2.98999701000299
Qubrid,H100 (80GB - 1x GPU),$2.73,2.73,USD,1,H100,On-Demand,2025-11-08 01:42:54,File_1_36_providers,2.73,1.1561,0.01128,2025-11-08 01:44:12,2.73,SXM,1,1,2.73,1.0000010000000001,2.7299972700027295
EdgeVana,H100 Node,$2.50,2.5,USD,1,H100,On-Demand,2025-11-08 01:42:54,File_1_36_providers,2.5,1.1561,0.01128,2025-11-08 01:44:12,2.5,SXM,1,1,2.5,1.0000010000000001,2.4999975000024994
Replicate,H100 GPU,$5.49,5.49,USD,1,H100,On-Demand,2025-11-08 01:42:54,File_1_36_providers,5.49,1.1561,0.01128,2025-11-08 01:44:12,5.49,SXM,100,100,0.054900000000000004,1.0000010000000001,0.054899945100054894
Replicate,H100,$0.001525,0.001525,USD,1,H100,On-Demand,2025-11-08 01:42:54,File_1_36_providers,0.001525,1.1561,0.01128,2025-11-08 01:44:12,0.001525,SXM,1,1,0.001525,1.0000010000000001,0.001524998475001525
AceCloud,H100 GPU,₹20000,20000.0,INR,1,H100,On-Demand,2025-11-08 01:42:54,File_1_36_providers,225.6,1.1561,0.01128,2025-11-08 01:44:12,225.6,SXM,100,100,2.256,1.0000010000000001,2.2559977440022556
Massed Compute,H100 SXM5,$21.60,21.6,USD,1,H100,On-Demand,2025-11-08 01:42:54,File_1_36_providers,21.6,1.1561,0.01128,2025-11-08 01:44:12,21.6,SXM,1,1,21.6,1.0000010000000001,21.599978400021598
Massed Compute,H100 NVL,$5.06,5.06,USD,1,H100,On-Demand,2025-11-08 01:42:54,File_1_36_providers,5.06,1.1561,0.01128,2025-11-08 01:44:12,5.06,NVL,1,1,5.06,1.0474035858208957,4.830993581174594
Massed Compute,H100 PCIe,$2.35,2.35,USD,1,H100,On-Demand,2025-11-08 01:42:54,File_1_36_providers,2.35,1.1561,0.01128,2025-11-08 01:44:12,2.35,PCIe,1,1,2.35,0.8312133384896913,2.82719235986989
DataCrunch,H100 SXM5 (Pay As You Go),$1.99,1.99,USD,1,H100,On-Demand,2025-11-08 01:42:54,File_1_36_providers,1.99,1.1561,0.01128,2025-11-08 01:44:12,1.99,SXM,1,1,1.99,1.0000010000000001,1.9899980100019896
DataCrunch,H100 SXM5 (Spot Price),$0.99,0.99,USD,1,H100,Spot,2025-11-08 01:42:54,File_1_36_providers,0.99,1.1561,0.01128,2025-11-08 01:44:12,0.99,SXM,1,1,0.99,1.0000010000000001,0.9899990100009899
DataCrunch,H100 SXM5 (Dynamic Pricing),$1.98,1.98,USD,1,H100,On-Demand,2025-11-08 01:42:54,File_1_36_providers,1.98,1.1561,0.01128,2025-11-08 01:44:12,1.98,SXM,1,1,1.98,1.0000010000000001,1.9799980200019798
DataCrunch,H100 SXM5 (Fixed Pricing),$4.95,4.95,USD,1,H100,On-Demand,2025-11-08 01:42:54,File_1_36_providers,4.95,1.1561,0.01128,2025-11-08 01:44:12,4.95,SXM,1,1,4.95,1.0000010000000001,4.94999505000495
LeaderGPU,H100 (8x GPUs - NVLink),€19.11,19.11,EUR,8,H100,On-Demand,2025-11-08 01:42:54,File_1_36_providers,22.0931,1.1561,0.01128,2025-11-08 01:44:12,22.0931,NVL,8,8,2.7616375,1.0474035858208957,2.6366507976345956
LeaderGPU,H100 (2x GPUs - Summer Promo),€3.97,3.97,EUR,2,H100,On-Demand,2025-11-08 01:42:54,File_1_36_providers,4.5897,1.1561,0.01128,2025-11-08 01:44:12,4.5897,SXM,2,2,2.29485,1.0000010000000001,2.294847705152294
LeaderGPU,H100 (2x GPUs - Regular),€3.97,3.97,EUR,2,H100,On-Demand,2025-11-08 01:42:54,File_1_36_providers,4.5897,1.1561,0.01128,2025-11-08 01:44:12,4.5897,SXM,2,2,2.29485,1.0000010000000001,2.294847705152294
LeaderGPU,H100 (2x GPUs - per hour),€22.20,22.2,EUR,2,H100,On-Demand,2025-11-08 01:42:54,File_1_36_providers,25.6654,1.1561,0.01128,2025-11-08 01:44:12,25.6654,SXM,2,2,12.8327,1.0000010000000001,12.832687167312832
LeaderGPU,H100 (8x GPUs - per hour),€22.20,22.2,EUR,8,H100,On-Demand,2025-11-08 01:42:54,File_1_36_providers,25.6654,1.1561,0.01128,2025-11-08 01:44:12,25.6654,SXM,8,8,3.208175,1.0000010000000001,3.208171791828208
Baseten,H100 (80GB VRAM),$6.50,6.5,USD,1,H100,On-Demand,2025-11-08 01:42:54,File_1_36_providers,6.5,1.1561,0.01128,2025-11-08 01:44:12,6.5,SXM,1,1,6.5,1.0000010000000001,6.499993500006499
Baseten,H100 MIG (40GB VRAM),$3.75,3.75,USD,1,H100,On-Demand,2025-11-08 01:42:54,File_1_36_providers,3.75,1.1561,0.01128,2025-11-08 01:44:12,3.75,MIG,1,1,3.75,0.5000399095502779,7.499401404525184
Fal.AI,H100 (80GB),$1.89,1.89,USD,1,H100,On-Demand,2025-11-08 01:42:54,File_1_36_providers,1.89,1.1561,0.01128,2025-11-08 01:44:12,1.89,SXM,1,1,1.89,1.0000010000000001,1.8899981100018897
Fal.AI,H100,$1.89,1.89,USD,1,H100,On-Demand,2025-11-08 01:42:54,File_1_36_providers,1.89,1.1561,0.01128,2025-11-08 01:44:12,1.89,SXM,1,1,1.89,1.0000010000000001,1.8899981100018897
Modal,H100,$3.95,3.95,USD,1,H100,On-Demand,2025-11-08 01:42:54,File_1_36_providers,3.95,1.1561,0.01128,2025-11-08 01:44:12,3.95,SXM,1,1,3.95,1.0000010000000001,3.9499960500039495
E2E Networks,1×H100 SXM (80GB) - Regular,₹450,450.0,INR,1,H100,On-Demand,2025-11-08 01:42:54,File_1_36_providers,5.076,1.1561,0.01128,2025-11-08 01:44:12,5.076,SXM,1,1,5.076,1.0000010000000001,5.075994924005075
E2E Networks,2×H100 SXM (80GB) - Regular,₹816,816.0,INR,1,H100,On-Demand,2025-11-08 01:42:54,File_1_36_providers,9.2045,1.1561,0.01128,2025-11-08 01:44:12,9.2045,SXM,2,2,4.60225,1.0000010000000001,4.602245397754602
E2E Networks,4×H100 SXM (80GB) - Regular,"₹1,560",1560.0,INR,1,H100,On-Demand,2025-11-08 01:42:54,File_1_36_providers,17.5968,1.1561,0.01128,2025-11-08 01:44:12,17.5968,SXM,4,4,4.3992,1.0000010000000001,4.399195600804399
E2E Networks,8×H100 SXM (80GB) - Regular,"₹3,040",3040.0,INR,1,H100,On-Demand,2025-11-08 01:42:54,File_1_36_providers,34.2912,1.1561,0.01128,2025-11-08 01:44:12,34.2912,SXM,8,8,4.2864,1.0000010000000001,4.2863957136042865
E2E Networks,1×H100 - Spot,₹175,175.0,INR,1,H100,Spot,2025-11-08 01:42:54,File_1_36_providers,1.974,1.1561,0.01128,2025-11-08 01:44:12,1.974,SXM,1,1,1.974,1.0000010000000001,1.9739980260019736
E2E Networks,2×H100 - Spot,₹350,350.0,INR,1,H100,Spot,2025-11-08 01:42:54,File_1_36_providers,3.948,1.1561,0.01128,2025-11-08 01:44:12,3.948,SXM,2,2,1.974,1.0000010000000001,1.9739980260019736
E2E Networks,4×H100 - Spot,₹700,700.0,INR,1,H100,Spot,2025-11-08 01:42:54,File_1_36_providers,7.896,1.1561,0.01128,2025-11-08 01:44:12,7.896,SXM,4,4,1.974,1.0000010000000001,1.9739980260019736
E2E Networks,8×H100 HGX,"₹3,152",3152.0,INR,1,H100,On-Demand,2025-11-08 01:42:54,File_1_36_providers,35.5546,1.1561,0.01128,2025-11-08 01:44:12,35.5546,SXM,8,8,4.444325,1.0000010000000001,4.444320555679444
E2E Networks,4×H100 HGX,"₹1,576",1576.0,INR,1,H100,On-Demand,2025-11-08 01:42:54,File_1_36_providers,17.7773,1.1561,0.01128,2025-11-08 01:44:12,17.7773,SXM,4,4,4.444325,1.0000010000000001,4.444320555679444
Seeweb,H100 SXM (80GB),€1.60,1.6,EUR,1,H100,On-Demand,2025-11-08 01:42:54,File_1_36_providers,1.8498,1.1561,0.01128,2025-11-08 01:44:12,1.8498,SXM,1,1,1.8498,1.0000010000000001,1.8497981502018497
TensorDock,H100 SXM5,$2.25,2.25,USD,1,H100,On-Demand,2025-11-08 01:42:54,File_1_36_providers,2.25,1.1561,0.01128,2025-11-08 01:44:12,2.25,SXM,1,1,2.25,1.0000010000000001,2.2499977500022497
TensorDock,H100,$2.25,2.25,USD,1,H100,On-Demand,2025-11-08 01:42:54,File_1_36_providers,2.25,1.1561,0.01128,2025-11-08 01:44:12,2.25,SXM,1,1,2.25,1.0000010000000001,2.2499977500022497
AtlasCloud,H100 GPU Instance,$3.50,3.5,USD,1,H100,On-Demand,2025-11-08 01:42:54,File_1_36_providers,3.5,1.1561,0.01128,2025-11-08 01:44:12,3.5,SXM,100,100,0.035,1.0000010000000001,0.034999965000035
Crusoe,H100 80GB SXM (On-Demand),$3.90,3.9,USD,1,H100,On-Demand,2025-11-08 01:42:54,File_1_36_providers,3.9,1.1561,0.01128,2025-11-08 01:44:12,3.9,SXM,1,1,3.9,1.0000010000000001,3.899996100003899
Crusoe,H100 80GB SXM (6-month reserved),$3.12,3.12,USD,1,H100,Reserved,2025-11-08 01:42:54,File_1_36_providers,3.12,1.1561,0.01128,2025-11-08 01:44:12,3.12,SXM,1,1,3.12,1.0000010000000001,3.1199968800031197
Crusoe,H100 80GB SXM (1-year reserved),$2.93,2.93,USD,1,H100,Reserved,2025-11-08 01:42:54,File_1_36_providers,2.93,1.1561,0.01128,2025-11-08 01:44:12,2.93,SXM,1,1,2.93,1.0000010000000001,2.92999707000293
Crusoe,H100 80GB SXM (3-year reserved),$2.54,2.54,USD,1,H100,Reserved,2025-11-08 01:42:54,File_1_36_providers,2.54,1.1561,0.01128,2025-11-08 01:44:12,2.54,SXM,1,1,2.54,1.0000010000000001,2.5399974600025397
Leaseweb,H100 (2x GPUs - Dedicated Monthly),€2.76,2.76,EUR,2,H100,Monthly,2025-11-08 01:42:54,File_1_36_providers,3.1908,1.1561,0.01128,2025-11-08 01:44:12,3.1908,SXM,2,2,1.5954,1.0000010000000001,1.5953984046015952
Leaseweb,H100 (Per GPU - Dedicated Monthly),€1.38,1.38,EUR,1,H100,Monthly,2025-11-08 01:42:54,File_1_36_providers,1.5954,1.1561,0.01128,2025-11-08 01:44:12,1.5954,SXM,1,1,1.5954,1.0000010000000001,1.5953984046015952
HydraHost,H100 (per card-hour),$3.50,3.5,USD,1,H100,On-Demand,2025-11-08 01:42:54,File_1_36_providers,3.5,1.1561,0.01128,2025-11-08 01:44:12,3.5,SXM,1,1,3.5,1.0000010000000001,3.4999965000034994
HydraHost,H100,$2.30,2.3,USD,1,H100,On-Demand,2025-11-08 01:42:54,File_1_36_providers,2.3,1.1561,0.01128,2025-11-08 01:44:12,2.3,SXM,1,1,2.3,1.0000010000000001,2.2999977000022995
VoltagePark,H100 (On-Demand Ethernet),$1.99,1.99,USD,1,H100,On-Demand,2025-11-08 01:42:54,File_1_36_providers,1.99,1.1561,0.01128,2025-11-08 01:44:12,1.99,SXM,1,1,1.99,1.0000010000000001,1.9899980100019896
VoltagePark,H100 (On-Demand InfiniBand),$2.49,2.49,USD,1,H100,On-Demand,2025-11-08 01:42:54,File_1_36_providers,2.49,1.1561,0.01128,2025-11-08 01:44:12,2.49,SXM,1,1,2.49,1.0000010000000001,2.48999751000249
VoltagePark,H100,$1.99,1.99,USD,1,H100,On-Demand,2025-11-08 01:42:54,File_1_36_providers,1.99,1.1561,0.01128,2025-11-08 01:44:12,1.99,SXM,1,1,1.99,1.0000010000000001,1.9899980100019896
SharonAI,H100 NVL,$0.50,0.5,USD,1,H100,On-Demand,2025-11-08 01:42:54,File_1_36_providers,0.5,1.1561,0.01128,2025-11-08 01:44:12,0.5,NVL,1,1,0.5,1.0474035858208957,0.4773709072306911
SharonAI,H100,$0.50,0.5,USD,1,H100,On-Demand,2025-11-08 01:42:54,File_1_36_providers,0.5,1.1561,0.01128,2025-11-08 01:44:12,0.5,SXM,1,1,0.5,1.0000010000000001,0.4999995000004999
Ori,H100 (On-Demand),$2.90,2.9,USD,1,H100,On-Demand,2025-11-08 01:42:54,File_1_36_providers,2.9,1.1561,0.01128,2025-11-08 01:44:12,2.9,SXM,1,1,2.9,1.0000010000000001,2.8999971000028997
HyperStack,H100 SXM,$2.40,2.4,USD,1,H100,On-Demand,2025-11-08 01:43:49,File_2_14_providers,2.4,1.1561,0.01128,2025-11-08 01:44:12,2.4,SXM,1,1,2.4,1.0000010000000001,2.3999976000023997
HyperStack,H100 NVLink,$1.95,1.95,USD,1,H100,On-Demand,2025-11-08 01:43:49,File_2_14_providers,1.95,1.1561,0.01128,2025-11-08 01:44:12,1.95,NVL,1,1,1.95,1.0474035858208957,1.8617465381996954
HyperStack,H100 (Standard),$1.90,1.9,USD,1,H100,On-Demand,2025-11-08 01:43:49,File_2_14_providers,1.9,1.1561,0.01128,2025-11-08 01:44:12,1.9,SXM,1,1,1.9,1.0000010000000001,1.8999981000018997
CoreWeave,HGX H100 (8x GPUs),$49.24,49.24,USD,8,H100,On-Demand,2025-11-08 01:43:49,File_2_14_providers,49.24,1.1561,0.01128,2025-11-08 01:44:12,49.24,SXM,8,8,6.155,1.0000010000000001,6.154993845006154
CUDO Compute,H100 PCIe (On-Demand),$2.45,2.45,USD,1,H100,On-Demand,2025-11-08 01:43:49,File_2_14_providers,2.45,1.1561,0.01128,2025-11-08 01:44:12,2.45,PCIe,1,1,2.45,0.8312133384896913,2.947498417736694
CUDO Compute,H100 PCIe (Reserved),$1.79,1.79,USD,1,H100,Reserved,2025-11-08 01:43:49,File_2_14_providers,1.79,1.1561,0.01128,2025-11-08 01:44:12,1.79,PCIe,1,1,1.79,0.8312133384896913,2.1534784358157886
CUDO Compute,H100 SXM (On-Demand),$1.79,1.79,USD,1,H100,On-Demand,2025-11-08 01:43:49,File_2_14_providers,1.79,1.1561,0.01128,2025-11-08 01:44:12,1.79,SXM,1,1,1.79,1.0000010000000001,1.7899982100017897
CUDO Compute,H100 SXM (Reserved),$1.34,1.34,USD,1,H100,Reserved,2025-11-08 01:43:49,File_2_14_providers,1.34,1.1561,0.01128,2025-11-08 01:44:12,1.34,SXM,1,1,1.34,1.0000010000000001,1.3399986600013398
Atlantic.Net,H100NVL (1x GPU),$3.941,3.941,USD,1,H100,On-Demand,2025-11-08 01:43:49,File_2_14_providers,3.941,1.1561,0.01128,2025-11-08 01:44:12,3.941,NVL,1,1,3.941,1.0474035858208957,3.762637490792307
Atlantic.Net,H100NVL (4x GPUs),$15.765,15.765,USD,4,H100,On-Demand,2025-11-08 01:43:49,File_2_14_providers,15.765,1.1561,0.01128,2025-11-08 01:44:12,15.765,NVL,4,4,3.94125,1.0474035858208957,3.7628761762459226
Atlantic.Net,H100NVL (8x GPUs),$31.531,31.531,USD,8,H100,On-Demand,2025-11-08 01:43:49,File_2_14_providers,31.531,1.1561,0.01128,2025-11-08 01:44:12,31.531,NVL,8,8,3.941375,1.0474035858208957,3.76299551897273
Atlantic.Net,H100NVL,$2648.4,2648.4,USD,1,H100,On-Demand,2025-11-08 01:43:49,File_2_14_providers,2648.4,1.1561,0.01128,2025-11-08 01:44:12,2648.4,NVL,1,1,2648.4,1.0474035858208957,2528.5382214195247
Civo,H100 SXM (1x GPU) Standard,$2.99,2.99,USD,1,H100,On-Demand,2025-11-08 01:43:49,File_2_14_providers,2.99,1.1561,0.01128,2025-11-08 01:44:12,2.99,SXM,1,1,2.99,1.0000010000000001,2.98999701000299
Civo,H100 SXM (1x GPU) Discounted,$2.49,2.49,USD,1,H100,Discounted,2025-11-08 01:43:49,File_2_14_providers,2.49,1.1561,0.01128,2025-11-08 01:44:12,2.49,SXM,1,1,2.49,1.0000010000000001,2.48999751000249
Civo,H100 SXM (8x GPUs) Standard,$23.92,23.92,USD,8,H100,On-Demand,2025-11-08 01:43:49,File_2_14_providers,23.92,1.1561,0.01128,2025-11-08 01:44:12,23.92,SXM,8,8,2.99,1.0000010000000001,2.98999701000299
Civo,H100 SXM (8x GPUs) Discounted,$19.92,19.92,USD,8,H100,Discounted,2025-11-08 01:43:49,File_2_14_providers,19.92,1.1561,0.01128,2025-11-08 01:44:12,19.92,SXM,8,8,2.49,1.0000010000000001,2.48999751000249
Civo,H100 PCI (1x GPU) Standard,$2.49,2.49,USD,1,H100,On-Demand,2025-11-08 01:43:49,File_2_14_providers,2.49,1.1561,0.01128,2025-11-08 01:44:12,2.49,PCIe,1,1,2.49,0.8312133384896913,2.995620840883416
Civo,H100 PCI (1x GPU) Discounted,$1.99,1.99,USD,1,H100,Discounted,2025-11-08 01:43:49,File_2_14_providers,1.99,1.1561,0.01128,2025-11-08 01:44:12,1.99,PCIe,1,1,1.99,0.8312133384896913,2.394090551549396
Civo,H100 PCI (2x GPUs) Standard,$4.98,4.98,USD,2,H100,On-Demand,2025-11-08 01:43:49,File_2_14_providers,4.98,1.1561,0.01128,2025-11-08 01:44:12,4.98,PCIe,2,2,2.49,0.8312133384896913,2.995620840883416
Civo,H100 PCI (2x GPUs) Discounted,$3.98,3.98,USD,2,H100,Discounted,2025-11-08 01:43:49,File_2_14_providers,3.98,1.1561,0.01128,2025-11-08 01:44:12,3.98,PCIe,2,2,1.99,0.8312133384896913,2.394090551549396
Civo,H100 PCI (4x GPUs) Standard,$9.96,9.96,USD,4,H100,On-Demand,2025-11-08 01:43:49,File_2_14_providers,9.96,1.1561,0.01128,2025-11-08 01:44:12,9.96,PCIe,4,4,2.49,0.8312133384896913,2.995620840883416
Civo,H100 PCI (4x GPUs) Discounted,$7.96,7.96,USD,4,H100,Discounted,2025-11-08 01:43:49,File_2_14_providers,7.96,1.1561,0.01128,2025-11-08 01:44:12,7.96,PCIe,4,4,1.99,0.8312133384896913,2.394090551549396
Civo,H100 PCI (8x GPUs) Standard,$19.92,19.92,USD,8,H100,On-Demand,2025-11-08 01:43:49,File_2_14_providers,19.92,1.1561,0.01128,2025-11-08 01:44:12,19.92,PCIe,8,8,2.49,0.8312133384896913,2.995620840883416
Civo,H100 PCI (8x GPUs) Discounted,$15.92,15.92,USD,8,H100,Discounted,2025-11-08 01:43:49,File_2_14_providers,15.92,1.1561,0.01128,2025-11-08 01:44:12,15.92,PCIe,8,8,1.99,0.8312133384896913,2.394090551549396
GPU-Mart,H100 Dedicated Server (Hourly),$4.16/hr,4.16,USD,1,H100,On-Demand,2025-11-08 01:43:49,File_2_14_providers,4.16,1.1561,0.01128,2025-11-08 01:44:12,4.16,SXM,1,1,4.16,1.0000010000000001,4.15999584000416
Hostkey,H100 (Hourly),€2.00,2.0,EUR,1,H100,On-Demand,2025-11-08 01:43:49,File_2_14_providers,2.3122,1.1561,0.01128,2025-11-08 01:44:12,2.3122,SXM,1,1,2.3122,1.0000010000000001,2.312197687802312
JarvisLabs,H100,$0.39/hr,0.39,USD,1,H100,On-Demand,2025-11-08 01:43:49,File_2_14_providers,0.39,1.1561,0.01128,2025-11-08 01:44:12,0.39,SXM,1,1,0.39,1.0000010000000001,0.38999961000038996
JarvisLabs,H100 (Line Context),$0.39/hr,0.39,USD,1,H100,On-Demand,2025-11-08 01:43:49,File_2_14_providers,0.39,1.1561,0.01128,2025-11-08 01:44:12,0.39,SXM,1,1,0.39,1.0000010000000001,0.38999961000038996
Google Cloud,H100 (A3 Machine Type),$88.9272/hr (8x GPUs),88.92728,USD,1,H100,On-Demand,2025-11-08 01:43:49,File_2_14_providers,88.92728,1.1561,0.01128,2025-11-08 01:44:12,88.92728,SXM,1,8,11.11591,1.0000010000000001,11.115898884101114
Google Cloud,H100 (Per GPU from H100 (A3 Machine Type)),$11.12/hr,11.12,USD,1,H100,On-Demand,2025-11-08 01:43:49,File_2_14_providers,11.12,1.1561,0.01128,2025-11-08 01:44:12,11.12,SXM,1,1,11.12,1.0000010000000001,11.119988880011118
Google Cloud,H100 (A3 Integration),$84.806908493/hr (8x GPUs),84.8069084938,USD,1,H100,On-Demand,2025-11-08 01:43:49,File_2_14_providers,84.8069084938,1.1561,0.01128,2025-11-08 01:44:12,84.8069084938,SXM,1,8,10.600863561725,1.0000010000000001,10.600852960872038
Google Cloud,H100 (Per GPU from H100 (A3 Integration)),$10.60/hr,10.6,USD,1,H100,On-Demand,2025-11-08 01:43:49,File_2_14_providers,10.6,1.1561,0.01128,2025-11-08 01:44:12,10.6,SXM,1,1,10.6,1.0000010000000001,10.599989400010598
Genesis Cloud,H100 (HGX),$1.60/hr,1.6,USD,1,H100,On-Demand,2025-11-08 01:43:49,File_2_14_providers,1.6,1.1561,0.01128,2025-11-08 01:44:12,1.6,SXM,1,1,1.6,1.0000010000000001,1.5999984000015999
Genesis Cloud,H200 (HGX),$1.60/hr,1.6,USD,1,H200,On-Demand,2025-11-08 01:43:49,File_2_14_providers,1.6,1.1561,0.01128,2025-11-08 01:44:12,1.6,SXM,1,1,1.6,1.0000010000000001,1.5999984000015999
Genesis Cloud,B200 (HGX),$1.60/hr,1.6,USD,1,H100,On-Demand,2025-11-08 01:43:49,File_2_14_providers,1.6,1.1561,0.01128,2025-11-08 01:44:12,1.6,SXM,1,1,1.6,1.0000010000000001,1.5999984000015999
Genesis Cloud,H100 (HGX Line),$1.60/hr,1.6,USD,1,H100,On-Demand,2025-11-08 01:43:49,File_2_14_providers,1.6,1.1561,0.01128,2025-11-08 01:44:12,1.6,SXM,1,1,1.6,1.0000010000000001,1.5999984000015999
Vast.ai,H200 NVL (API),$1.64/hr,1.64,USD,1,H200,On-Demand,2025-11-08 01:43:49,File_2_14_providers,1.64,1.1561,0.01128,2025-11-08 01:44:12,1.64,NVL,1,1,1.64,1.0474035858208957,1.5657765757166668
Vast.ai,H200 (API),$4.47/hr,4.47,USD,1,H200,On-Demand,2025-11-08 01:43:49,File_2_14_providers,4.47,1.1561,0.01128,2025-11-08 01:44:12,4.47,SXM,1,1,4.47,1.0000010000000001,4.469995530004469
Vast.ai,H100 SXM (API),$1.47/hr,1.47,USD,1,H100,On-Demand,2025-11-08 01:43:49,File_2_14_providers,1.47,1.1561,0.01128,2025-11-08 01:44:12,1.47,SXM,1,1,1.47,1.0000010000000001,1.4699985300014697
Latitude.sh,Error,Unable to fetch live pricing from Latitude.sh,,Unknown,1,H100,On-Demand,2025-11-08 01:43:49,File_2_14_providers,,1.1561,0.01128,2025-11-08 01:44:12,,SXM,1,1,,1.0000010000000001,
Amazon Web Services,H100 (AWS P5),$6.88/hr,6.88,USD,1,H100,On-Demand,2025-11-08 01:43:49,File_2_14_providers,6.88,1.1561,0.01128,2025-11-08 01:44:12,6.88,SXM,1,1,6.88,1.0000010000000001,6.879993120006879
Microsoft Azure,H100 (ND96isr - 8x GPUs),$6.17/hr,6.17,USD,8,H100,On-Demand,2025-11-08 01:43:49,File_2_14_providers,6.17,1.1561,0.01128,2025-11-08 01:44:12,6.17,SXM,8,1,6.17,1.0000010000000001,6.169993830006169
RunPod,H100 PCIe,USD 1.99/hr,1.99,Unknown,1,H100,On-Demand,2025-11-08 01:43:49,File_2_14_providers,1.99,1.1561,0.01128,2025-11-08 01:44:12,1.99,PCIe,1,1,1.99,0.8312133384896913,2.394090551549396
RunPod,H100 SXM,USD 2.69/hr,2.69,Unknown,1,H100,On-Demand,2025-11-08 01:43:49,File_2_14_providers,2.69,1.1561,0.01128,2025-11-08 01:44:12,2.69,SXM,1,1,2.69,1.0000010000000001,2.6899973100026897
RunPod,H100 NVL,USD 2.59/hr,2.59,Unknown,1,H100,On-Demand,2025-11-08 01:43:49,File_2_14_providers,2.59,1.1561,0.01128,2025-11-08 01:44:12,2.59,NVL,1,1,2.59,1.0474035858208957,2.47278129945498
Atlantic.net,H100 NVL (On-Demand),$1.67/hr,1.67,USD,1,H100,On-Demand,2025-11-08 01:43:49,File_2_14_providers,1.67,1.1561,0.01128,2025-11-08 01:44:12,1.67,NVL,1,1,1.67,1.0474035858208957,1.5944188301505082
Microsoft Azure,H100 (ND96isr - 8x GPUs),$6.17/hr,6.17,USD,8,H100,On-Demand,2025-11-08 01:44:11,File_3_Azure,6.17,1.1561,0.01128,2025-11-08 01:44:12,6.17,SXM,8,1,6.17,1.0000010000000001,6.169993830006169
RunPod,H100 PCIe,$1.99/hr,1.99,USD,1,H100,On-Demand,2025-11-08 01:44:03,File_4_RunPod,1.99,1.1561,0.01128,2025-11-08 01:44:12,1.99,PCIe,1,1,1.99,0.8312133384896913,2.394090551549396
RunPod,H100 SXM,$2.69/hr,2.69,USD,1,H100,On-Demand,2025-11-08 01:44:03,File_4_RunPod,2.69,1.1561,0.01128,2025-11-08 01:44:12,2.69,SXM,1,1,2.69,1.0000010000000001,2.6899973100026897
RunPod,H100 NVL,$2.59/hr,2.59,USD,1,H100,On-Demand,2025-11-08 01:44:03,File_4_RunPod,2.59,1.1561,0.01128,2025-11-08 01:44:12,2.59,NVL,1,1,2.59,1.0474035858208957,2.47278129945498
