Provider,GPU_Variant,Price_Original,Price_Numeric,Currency,GPU_Count,GPU_Type,Pricing_Model,Timestamp,Source_File,Price_USD,EUR_to_USD_Rate,INR_to_USD_Rate,Conversion_Date,Price (USD),VariantType,GPUCountFromName,EffectiveGPUCount,PricePerGPU,PerformanceRatio,NormalizedPrice
HyperStack,H100 SXM,$3.20,3.2,USD,1,H100,On-Demand,2026-10-07 11:54:12,File_1_36_providers,3.2,1.1269,0.01037,2026-10-07 11:55:11,3.2,SXM,1,1,3.2,1.0000010000000001,3.1999968000031997
HyperStack,H100 NVLink,$2.60,2.6,USD,1,H100,On-Demand,2026-10-07 11:54:12,File_1_36_providers,2.6,1.1269,0.01037,2026-10-07 11:55:11,2.6,NVL,1,1,2.6,1.0474035858208957,2.482328717599594
HyperStack,H100 (Standard),$2.50,2.5,USD,1,H100,On-Demand,2026-10-07 11:54:12,File_1_36_providers,2.5,1.1269,0.01037,2026-10-07 11:55:11,2.5,SXM,1,1,2.5,1.0000010000000001,2.4999975000024994
Atlantic.Net,H100NVL (1x GPU),$3.941,3.941,USD,1,H100,On-Demand,2026-10-07 11:54:12,File_1_36_providers,3.941,1.1269,0.01037,2026-10-07 11:55:11,3.941,NVL,1,1,3.941,1.0474035858208957,3.762637490792307
Atlantic.Net,H100NVL,$3.941,3.941,USD,1,H100,On-Demand,2026-10-07 11:54:12,File_1_36_providers,3.941,1.1269,0.01037,2026-10-07 11:55:11,3.941,NVL,1,1,3.941,1.0474035858208957,3.762637490792307
Civo,H100 SXM (1x GPU) Standard,$2.99,2.99,USD,1,H100,On-Demand,2026-10-07 11:54:12,File_1_36_providers,2.99,1.1269,0.01037,2026-10-07 11:55:11,2.99,SXM,1,1,2.99,1.0000010000000001,2.98999701000299
Civo,H100 SXM (1x GPU) Discounted,$2.49,2.49,USD,1,H100,Discounted,2026-10-07 11:54:12,File_1_36_providers,2.49,1.1269,0.01037,2026-10-07 11:55:11,2.49,SXM,1,1,2.49,1.0000010000000001,2.48999751000249
Civo,H100 SXM (8x GPUs) Standard,$23.92,23.92,USD,8,H100,On-Demand,2026-10-07 11:54:12,File_1_36_providers,23.92,1.1269,0.01037,2026-10-07 11:55:11,23.92,SXM,8,8,2.99,1.0000010000000001,2.98999701000299
Civo,H100 SXM (8x GPUs) Discounted,$19.92,19.92,USD,8,H100,Discounted,2026-10-07 11:54:12,File_1_36_providers,19.92,1.1269,0.01037,2026-10-07 11:55:11,19.92,SXM,8,8,2.49,1.0000010000000001,2.48999751000249
Civo,H100 PCI (1x GPU) Standard,$2.49,2.49,USD,1,H100,On-Demand,2026-10-07 11:54:12,File_1_36_providers,2.49,1.1269,0.01037,2026-10-07 11:55:11,2.49,PCIe,1,1,2.49,0.8312133384896913,2.995620840883416
Civo,H100 PCI (1x GPU) Discounted,$1.99,1.99,USD,1,H100,Discounted,2026-10-07 11:54:12,File_1_36_providers,1.99,1.1269,0.01037,2026-10-07 11:55:11,1.99,PCIe,1,1,1.99,0.8312133384896913,2.394090551549396
Civo,H100 PCI (2x GPUs) Standard,$4.98,4.98,USD,2,H100,On-Demand,2026-10-07 11:54:12,File_1_36_providers,4.98,1.1269,0.01037,2026-10-07 11:55:11,4.98,PCIe,2,2,2.49,0.8312133384896913,2.995620840883416
Civo,H100 PCI (2x GPUs) Discounted,$3.98,3.98,USD,2,H100,Discounted,2026-10-07 11:54:12,File_1_36_providers,3.98,1.1269,0.01037,2026-10-07 11:55:11,3.98,PCIe,2,2,1.99,0.8312133384896913,2.394090551549396
Civo,H100 PCI (4x GPUs) Standard,$9.96,9.96,USD,4,H100,On-Demand,2026-10-07 11:54:12,File_1_36_providers,9.96,1.1269,0.01037,2026-10-07 11:55:11,9.96,PCIe,4,4,2.49,0.8312133384896913,2.995620840883416
Civo,H100 PCI (4x GPUs) Discounted,$7.96,7.96,USD,4,H100,Discounted,2026-10-07 11:54:12,File_1_36_providers,7.96,1.1269,0.01037,2026-10-07 11:55:11,7.96,PCIe,4,4,1.99,0.8312133384896913,2.394090551549396
Civo,H100 PCI (8x GPUs) Standard,$19.92,19.92,USD,8,H100,On-Demand,2026-10-07 11:54:12,File_1_36_providers,19.92,1.1269,0.01037,2026-10-07 11:55:11,19.92,PCIe,8,8,2.49,0.8312133384896913,2.995620840883416
Civo,H100 PCI (8x GPUs) Discounted,$15.92,15.92,USD,8,H100,Discounted,2026-10-07 11:54:12,File_1_36_providers,15.92,1.1269,0.01037,2026-10-07 11:55:11,15.92,PCIe,8,8,1.99,0.8312133384896913,2.394090551549396
OVHcloud,H100 (AI Training/Notebooks),₹281.6,281.6,INR,1,H100,On-Demand,2026-10-07 11:54:12,File_1_36_providers,2.9202,1.1269,0.01037,2026-10-07 11:55:11,2.9202,SXM,1,1,2.9202,1.0000010000000001,2.9201970798029198
Gcore,H100 (8x GPUs - Inference),€1,1.0,EUR,8,H100,On-Demand,2026-10-07 11:54:12,File_1_36_providers,1.1269,1.1269,0.01037,2026-10-07 11:55:11,1.1269,SXM,8,8,0.1408625,1.0000010000000001,0.14086235913764084
Koyeb,H100 (1x GPU),$2.50,2.5,USD,1,H100,On-Demand,2026-10-07 11:54:12,File_1_36_providers,2.5,1.1269,0.01037,2026-10-07 11:55:11,2.5,SXM,1,1,2.5,1.0000010000000001,2.4999975000024994
Koyeb,H100 (2x GPUs),$5.0,5.0,USD,2,H100,On-Demand,2026-10-07 11:54:12,File_1_36_providers,5.0,1.1269,0.01037,2026-10-07 11:55:11,5.0,SXM,2,2,2.5,1.0000010000000001,2.4999975000024994
Koyeb,H100 (4x GPUs),$10.0,10.0,USD,4,H100,On-Demand,2026-10-07 11:54:12,File_1_36_providers,10.0,1.1269,0.01037,2026-10-07 11:55:11,10.0,SXM,4,4,2.5,1.0000010000000001,2.4999975000024994
Nebius,HGX H100 (On-Demand),$3.85,3.85,USD,1,H100,On-Demand,2026-10-07 11:54:12,File_1_36_providers,3.85,1.1269,0.01037,2026-10-07 11:55:11,3.85,SXM,1,1,3.85,1.0000010000000001,3.8499961500038498
TaigaCloud,H100 SXM (1x GPU),$2.80,2.8,USD,1,H100,On-Demand,2026-10-07 11:54:12,File_1_36_providers,2.8,1.1269,0.01037,2026-10-07 11:55:11,2.8,SXM,1,1,2.8,1.0000010000000001,2.7999972000027995
TaigaCloud,H100 SXM (4x GPUs),$11.20,11.2,USD,4,H100,On-Demand,2026-10-07 11:54:12,File_1_36_providers,11.2,1.1269,0.01037,2026-10-07 11:55:11,11.2,SXM,4,4,2.8,1.0000010000000001,2.7999972000027995
TaigaCloud,H100 SXM (8x GPUs),$22.40,22.4,USD,8,H100,On-Demand,2026-10-07 11:54:12,File_1_36_providers,22.4,1.1269,0.01037,2026-10-07 11:55:11,22.4,SXM,8,8,2.8,1.0000010000000001,2.7999972000027995
Neysa.ai,H100 SXM (80GB),$4.39,4.39,USD,1,H100,On-Demand,2026-10-07 11:54:12,File_1_36_providers,4.39,1.1269,0.01037,2026-10-07 11:55:11,4.39,SXM,1,1,4.39,1.0000010000000001,4.389995610004389
ShaktiCloud,H100 SLURM (per GPU),₹386,386.0,INR,1,H100,On-Demand,2026-10-07 11:54:12,File_1_36_providers,4.0028,1.1269,0.01037,2026-10-07 11:55:11,4.0028,SXM,1,1,4.0028,1.0000010000000001,4.002795997204002
ShaktiCloud,H100 Kubernetes (per GPU),₹386,386.0,INR,1,H100,On-Demand,2026-10-07 11:54:12,File_1_36_providers,4.0028,1.1269,0.01037,2026-10-07 11:55:11,4.0028,SXM,1,1,4.0028,1.0000010000000001,4.002795997204002
ShaktiCloud,H100 Serverless 80GB (per hour),₹25668.00,25668.0,INR,1,H100,On-Demand,2026-10-07 11:54:12,File_1_36_providers,266.1772,1.1269,0.01037,2026-10-07 11:55:11,266.1772,SXM,1,1,266.1772,1.0000010000000001,266.1769338230662
ShaktiCloud,H100 Azure ML (per GPU),₹264,264.0,INR,1,H100,On-Demand,2026-10-07 11:54:12,File_1_36_providers,2.7377,1.1269,0.01037,2026-10-07 11:55:11,2.7377,SXM,1,1,2.7377,1.0000010000000001,2.737697262302737
GMICloud,H100 (per GPU),$8.00,8.0,USD,1,H100,On-Demand,2026-10-07 11:54:12,File_1_36_providers,8.0,1.1269,0.01037,2026-10-07 11:55:11,8.0,SXM,1,1,8.0,1.0000010000000001,7.999992000007999
Lambda Labs,H100,$9.86,9.86,USD,1,H100,On-Demand,2026-10-07 11:54:12,File_1_36_providers,9.86,1.1269,0.01037,2026-10-07 11:55:11,9.86,SXM,1,1,9.86,1.0000010000000001,9.859990140009858
Lambda Labs,H100 SXM,$3.99,3.99,USD,1,H100,On-Demand,2026-10-07 11:54:12,File_1_36_providers,3.99,1.1269,0.01037,2026-10-07 11:55:11,3.99,SXM,1,1,3.99,1.0000010000000001,3.9899960100039897
Qubrid,H100 (80GB - 1x GPU),$2.73,2.73,USD,1,H100,On-Demand,2026-10-07 11:54:12,File_1_36_providers,2.73,1.1269,0.01037,2026-10-07 11:55:11,2.73,SXM,1,1,2.73,1.0000010000000001,2.7299972700027295
EdgeVana,H100,$3.43,3.43,USD,1,H100,On-Demand,2026-10-07 11:54:12,File_1_36_providers,3.43,1.1269,0.01037,2026-10-07 11:55:11,3.43,SXM,1,1,3.43,1.0000010000000001,3.42999657000343
Replicate,H100 GPU,$5.49,5.49,USD,1,H100,On-Demand,2026-10-07 11:54:12,File_1_36_providers,5.49,1.1269,0.01037,2026-10-07 11:55:11,5.49,SXM,100,100,0.054900000000000004,1.0000010000000001,0.054899945100054894
Replicate,H100,$0.001525,0.001525,USD,1,H100,On-Demand,2026-10-07 11:54:12,File_1_36_providers,0.001525,1.1269,0.01037,2026-10-07 11:55:11,0.001525,SXM,1,1,0.001525,1.0000010000000001,0.001524998475001525
AceCloud,H100 GPU,₹2.31,2.31,INR,1,H100,On-Demand,2026-10-07 11:54:12,File_1_36_providers,0.024,1.1269,0.01037,2026-10-07 11:55:11,0.024,SXM,100,100,0.00024,1.0000010000000001,0.00023999976000023998
Massed Compute,H100 SXM5,$3.14,3.14,USD,1,H100,On-Demand,2026-10-07 11:54:12,File_1_36_providers,3.14,1.1269,0.01037,2026-10-07 11:55:11,3.14,SXM,1,1,3.14,1.0000010000000001,3.13999686000314
Massed Compute,H100 NVL,$5.84,5.84,USD,1,H100,On-Demand,2026-10-07 11:54:12,File_1_36_providers,5.84,1.1269,0.01037,2026-10-07 11:55:11,5.84,NVL,1,1,5.84,1.0474035858208957,5.575692196454472
LeaderGPU,H100 (8x GPUs - NVLink),€22.04,22.04,EUR,8,H100,On-Demand,2026-10-07 11:54:12,File_1_36_providers,24.8369,1.1269,0.01037,2026-10-07 11:55:11,24.8369,NVL,8,8,3.1046125,1.0474035858208957,2.964103371449488
LeaderGPU,H100 (2x GPUs - Summer Promo),€4.19,4.19,EUR,2,H100,On-Demand,2026-10-07 11:54:12,File_1_36_providers,4.7217,1.1269,0.01037,2026-10-07 11:55:11,4.7217,SXM,2,2,2.36085,1.0000010000000001,2.3608476391523605
LeaderGPU,H100 (2x GPUs - Regular),€6.98,6.98,EUR,2,H100,On-Demand,2026-10-07 11:54:12,File_1_36_providers,7.8658,1.1269,0.01037,2026-10-07 11:55:11,7.8658,SXM,2,2,3.9329,1.0000010000000001,3.9328960671039326
LeaderGPU,H100 (2x GPUs - per hour),€22.20,22.2,EUR,2,H100,On-Demand,2026-10-07 11:54:12,File_1_36_providers,25.0172,1.1269,0.01037,2026-10-07 11:55:11,25.0172,SXM,2,2,12.5086,1.0000010000000001,12.508587491412506
Baseten,H100 (80GB VRAM),$6.50,6.5,USD,1,H100,On-Demand,2026-10-07 11:54:12,File_1_36_providers,6.5,1.1269,0.01037,2026-10-07 11:55:11,6.5,SXM,1,1,6.5,1.0000010000000001,6.499993500006499
Baseten,H100 MIG (40GB VRAM),$3.75,3.75,USD,1,H100,On-Demand,2026-10-07 11:54:12,File_1_36_providers,3.75,1.1269,0.01037,2026-10-07 11:55:11,3.75,MIG,1,1,3.75,0.5000399095502779,7.499401404525184
Fal.AI,H100 (80GB),$2.49,2.49,USD,1,H100,On-Demand,2026-10-07 11:54:12,File_1_36_providers,2.49,1.1269,0.01037,2026-10-07 11:55:11,2.49,SXM,1,1,2.49,1.0000010000000001,2.48999751000249
Fal.AI,H100,$12.99,12.99,USD,1,H100,On-Demand,2026-10-07 11:54:12,File_1_36_providers,12.99,1.1269,0.01037,2026-10-07 11:55:11,12.99,SXM,1,1,12.99,1.0000010000000001,12.989987010012989
Modal,H100,$3.95,3.95,USD,1,H100,On-Demand,2026-10-07 11:54:12,File_1_36_providers,3.95,1.1269,0.01037,2026-10-07 11:55:11,3.95,SXM,1,1,3.95,1.0000010000000001,3.9499960500039495
E2E Networks,1×H100 SXM (80GB) - Regular,₹450,450.0,INR,1,H100,On-Demand,2026-10-07 11:54:12,File_1_36_providers,4.6665,1.1269,0.01037,2026-10-07 11:55:11,4.6665,SXM,1,1,4.6665,1.0000010000000001,4.666495333504666
E2E Networks,2×H100 SXM (80GB) - Regular,₹816,816.0,INR,1,H100,On-Demand,2026-10-07 11:54:12,File_1_36_providers,8.4619,1.1269,0.01037,2026-10-07 11:55:11,8.4619,SXM,2,2,4.23095,1.0000010000000001,4.23094576905423
E2E Networks,4×H100 SXM (80GB) - Regular,"₹1,560",1560.0,INR,1,H100,On-Demand,2026-10-07 11:54:12,File_1_36_providers,16.1772,1.1269,0.01037,2026-10-07 11:55:11,16.1772,SXM,4,4,4.0443,1.0000010000000001,4.044295955704044
E2E Networks,8×H100 SXM (80GB) - Regular,"₹3,040",3040.0,INR,1,H100,On-Demand,2026-10-07 11:54:12,File_1_36_providers,31.5248,1.1269,0.01037,2026-10-07 11:55:11,31.5248,SXM,8,8,3.9406,1.0000010000000001,3.9405960594039398
E2E Networks,1×H100 - Spot,₹175,175.0,INR,1,H100,Spot,2026-10-07 11:54:12,File_1_36_providers,1.8148,1.1269,0.01037,2026-10-07 11:55:11,1.8148,SXM,1,1,1.8148,1.0000010000000001,1.8147981852018145
E2E Networks,2×H100 - Spot,₹350,350.0,INR,1,H100,Spot,2026-10-07 11:54:12,File_1_36_providers,3.6295,1.1269,0.01037,2026-10-07 11:55:11,3.6295,SXM,2,2,1.81475,1.0000010000000001,1.8147481852518146
E2E Networks,4×H100 - Spot,₹700,700.0,INR,1,H100,Spot,2026-10-07 11:54:12,File_1_36_providers,7.259,1.1269,0.01037,2026-10-07 11:55:11,7.259,SXM,4,4,1.81475,1.0000010000000001,1.8147481852518146
E2E Networks,8×H100 HGX,"₹3,152",3152.0,INR,1,H100,On-Demand,2026-10-07 11:54:12,File_1_36_providers,32.6862,1.1269,0.01037,2026-10-07 11:55:11,32.6862,SXM,8,8,4.085775,1.0000010000000001,4.0857709142290854
E2E Networks,4×H100 HGX,"₹1,576",1576.0,INR,1,H100,On-Demand,2026-10-07 11:54:12,File_1_36_providers,16.3431,1.1269,0.01037,2026-10-07 11:55:11,16.3431,SXM,4,4,4.085775,1.0000010000000001,4.0857709142290854
Seeweb,H100 SXM (80GB),€2.35,2.35,EUR,1,H100,On-Demand,2026-10-07 11:54:12,File_1_36_providers,2.6482,1.1269,0.01037,2026-10-07 11:55:11,2.6482,SXM,1,1,2.6482,1.0000010000000001,2.648197351802648
AtlasCloud,H100 GPU Instance,$3.50,3.5,USD,1,H100,On-Demand,2026-10-07 11:54:12,File_1_36_providers,3.5,1.1269,0.01037,2026-10-07 11:55:11,3.5,SXM,100,100,0.035,1.0000010000000001,0.034999965000035
Crusoe,H100 80GB SXM (On-Demand),$3.90,3.9,USD,1,H100,On-Demand,2026-10-07 11:54:12,File_1_36_providers,3.9,1.1269,0.01037,2026-10-07 11:55:11,3.9,SXM,1,1,3.9,1.0000010000000001,3.899996100003899
Crusoe,H100 80GB SXM (6-month reserved),$3.12,3.12,USD,1,H100,Reserved,2026-10-07 11:54:12,File_1_36_providers,3.12,1.1269,0.01037,2026-10-07 11:55:11,3.12,SXM,1,1,3.12,1.0000010000000001,3.1199968800031197
Crusoe,H100 80GB SXM (1-year reserved),$2.93,2.93,USD,1,H100,Reserved,2026-10-07 11:54:12,File_1_36_providers,2.93,1.1269,0.01037,2026-10-07 11:55:11,2.93,SXM,1,1,2.93,1.0000010000000001,2.92999707000293
Crusoe,H100 80GB SXM (3-year reserved),$2.54,2.54,USD,1,H100,Reserved,2026-10-07 11:54:12,File_1_36_providers,2.54,1.1269,0.01037,2026-10-07 11:55:11,2.54,SXM,1,1,2.54,1.0000010000000001,2.5399974600025397
Leaseweb,H100 (2x GPUs - Dedicated Monthly),€2.76,2.76,EUR,2,H100,Monthly,2026-10-07 11:54:12,File_1_36_providers,3.1102,1.1269,0.01037,2026-10-07 11:55:11,3.1102,SXM,2,2,1.5551,1.0000010000000001,1.5550984449015548
Leaseweb,H100 (Per GPU - Dedicated Monthly),€1.38,1.38,EUR,1,H100,Monthly,2026-10-07 11:54:12,File_1_36_providers,1.5551,1.1269,0.01037,2026-10-07 11:55:11,1.5551,SXM,1,1,1.5551,1.0000010000000001,1.5550984449015548
HydraHost,H100 (per card-hour),$2.30,2.3,USD,1,H100,On-Demand,2026-10-07 11:54:12,File_1_36_providers,2.3,1.1269,0.01037,2026-10-07 11:55:11,2.3,SXM,1,1,2.3,1.0000010000000001,2.2999977000022995
VoltagePark,H100 (On-Demand Ethernet),$1.99,1.99,USD,1,H100,On-Demand,2026-10-07 11:54:12,File_1_36_providers,1.99,1.1269,0.01037,2026-10-07 11:55:11,1.99,SXM,1,1,1.99,1.0000010000000001,1.9899980100019896
VoltagePark,H100 (On-Demand InfiniBand),$2.49,2.49,USD,1,H100,On-Demand,2026-10-07 11:54:12,File_1_36_providers,2.49,1.1269,0.01037,2026-10-07 11:55:11,2.49,SXM,1,1,2.49,1.0000010000000001,2.48999751000249
HyperStack,H100 SXM,$3.20,3.2,USD,1,H100,On-Demand,2026-10-07 11:54:54,File_2_14_providers,3.2,1.1269,0.01037,2026-10-07 11:55:11,3.2,SXM,1,1,3.2,1.0000010000000001,3.1999968000031997
HyperStack,H100 NVLink,$2.60,2.6,USD,1,H100,On-Demand,2026-10-07 11:54:54,File_2_14_providers,2.6,1.1269,0.01037,2026-10-07 11:55:11,2.6,NVL,1,1,2.6,1.0474035858208957,2.482328717599594
HyperStack,H100 (Standard),$2.50,2.5,USD,1,H100,On-Demand,2026-10-07 11:54:54,File_2_14_providers,2.5,1.1269,0.01037,2026-10-07 11:55:11,2.5,SXM,1,1,2.5,1.0000010000000001,2.4999975000024994
Atlantic.Net,H100NVL (1x GPU),$3.941,3.941,USD,1,H100,On-Demand,2026-10-07 11:54:54,File_2_14_providers,3.941,1.1269,0.01037,2026-10-07 11:55:11,3.941,NVL,1,1,3.941,1.0474035858208957,3.762637490792307
Atlantic.Net,H100NVL,$3.941,3.941,USD,1,H100,On-Demand,2026-10-07 11:54:54,File_2_14_providers,3.941,1.1269,0.01037,2026-10-07 11:55:11,3.941,NVL,1,1,3.941,1.0474035858208957,3.762637490792307
Civo,H100 SXM (1x GPU) Standard,$2.99,2.99,USD,1,H100,On-Demand,2026-10-07 11:54:54,File_2_14_providers,2.99,1.1269,0.01037,2026-10-07 11:55:11,2.99,SXM,1,1,2.99,1.0000010000000001,2.98999701000299
Civo,H100 SXM (1x GPU) Discounted,$2.49,2.49,USD,1,H100,Discounted,2026-10-07 11:54:54,File_2_14_providers,2.49,1.1269,0.01037,2026-10-07 11:55:11,2.49,SXM,1,1,2.49,1.0000010000000001,2.48999751000249
Civo,H100 SXM (8x GPUs) Standard,$23.92,23.92,USD,8,H100,On-Demand,2026-10-07 11:54:54,File_2_14_providers,23.92,1.1269,0.01037,2026-10-07 11:55:11,23.92,SXM,8,8,2.99,1.0000010000000001,2.98999701000299
Civo,H100 SXM (8x GPUs) Discounted,$19.92,19.92,USD,8,H100,Discounted,2026-10-07 11:54:54,File_2_14_providers,19.92,1.1269,0.01037,2026-10-07 11:55:11,19.92,SXM,8,8,2.49,1.0000010000000001,2.48999751000249
Civo,H100 PCI (1x GPU) Standard,$2.49,2.49,USD,1,H100,On-Demand,2026-10-07 11:54:54,File_2_14_providers,2.49,1.1269,0.01037,2026-10-07 11:55:11,2.49,PCIe,1,1,2.49,0.8312133384896913,2.995620840883416
Civo,H100 PCI (1x GPU) Discounted,$1.99,1.99,USD,1,H100,Discounted,2026-10-07 11:54:54,File_2_14_providers,1.99,1.1269,0.01037,2026-10-07 11:55:11,1.99,PCIe,1,1,1.99,0.8312133384896913,2.394090551549396
Civo,H100 PCI (2x GPUs) Standard,$4.98,4.98,USD,2,H100,On-Demand,2026-10-07 11:54:54,File_2_14_providers,4.98,1.1269,0.01037,2026-10-07 11:55:11,4.98,PCIe,2,2,2.49,0.8312133384896913,2.995620840883416
Civo,H100 PCI (2x GPUs) Discounted,$3.98,3.98,USD,2,H100,Discounted,2026-10-07 11:54:54,File_2_14_providers,3.98,1.1269,0.01037,2026-10-07 11:55:11,3.98,PCIe,2,2,1.99,0.8312133384896913,2.394090551549396
Civo,H100 PCI (4x GPUs) Standard,$9.96,9.96,USD,4,H100,On-Demand,2026-10-07 11:54:54,File_2_14_providers,9.96,1.1269,0.01037,2026-10-07 11:55:11,9.96,PCIe,4,4,2.49,0.8312133384896913,2.995620840883416
Civo,H100 PCI (4x GPUs) Discounted,$7.96,7.96,USD,4,H100,Discounted,2026-10-07 11:54:54,File_2_14_providers,7.96,1.1269,0.01037,2026-10-07 11:55:11,7.96,PCIe,4,4,1.99,0.8312133384896913,2.394090551549396
Civo,H100 PCI (8x GPUs) Standard,$19.92,19.92,USD,8,H100,On-Demand,2026-10-07 11:54:54,File_2_14_providers,19.92,1.1269,0.01037,2026-10-07 11:55:11,19.92,PCIe,8,8,2.49,0.8312133384896913,2.995620840883416
Civo,H100 PCI (8x GPUs) Discounted,$15.92,15.92,USD,8,H100,Discounted,2026-10-07 11:54:54,File_2_14_providers,15.92,1.1269,0.01037,2026-10-07 11:55:11,15.92,PCIe,8,8,1.99,0.8312133384896913,2.394090551549396
GPU-Mart,H100 (Monthly),$2.92/hr,2.92,USD,1,H100,Monthly,2026-10-07 11:54:54,File_2_14_providers,2.92,1.1269,0.01037,2026-10-07 11:55:11,2.92,SXM,1,1,2.92,1.0000010000000001,2.9199970800029194
GPU-Mart,H100 Dedicated Server,$2.92/hr,2.92,USD,1,H100,On-Demand,2026-10-07 11:54:54,File_2_14_providers,2.92,1.1269,0.01037,2026-10-07 11:55:11,2.92,SXM,1,1,2.92,1.0000010000000001,2.9199970800029194
GPU-Mart,H100 Plan,$2.92/hr,2.92,USD,1,H100,On-Demand,2026-10-07 11:54:54,File_2_14_providers,2.92,1.1269,0.01037,2026-10-07 11:55:11,2.92,SXM,1,1,2.92,1.0000010000000001,2.9199970800029194
JarvisLabs,H100,$10.0/hr,10.0,USD,1,H100,On-Demand,2026-10-07 11:54:54,File_2_14_providers,10.0,1.1269,0.01037,2026-10-07 11:55:11,10.0,SXM,1,1,10.0,1.0000010000000001,9.999990000009998
JarvisLabs,H200,$4.59/hr,4.59,USD,1,H200,On-Demand,2026-10-07 11:54:54,File_2_14_providers,4.59,1.1269,0.01037,2026-10-07 11:55:11,4.59,SXM,1,1,4.59,1.0000010000000001,4.589995410004589
JarvisLabs,H100 (NVIDIA),$3.49/hr,3.49,USD,1,H100,On-Demand,2026-10-07 11:54:54,File_2_14_providers,3.49,1.1269,0.01037,2026-10-07 11:55:11,3.49,SXM,1,1,3.49,1.0000010000000001,3.4899965100034898
JarvisLabs,H200 (NVIDIA),$4.59/hr,4.59,USD,1,H200,On-Demand,2026-10-07 11:54:54,File_2_14_providers,4.59,1.1269,0.01037,2026-10-07 11:55:11,4.59,SXM,1,1,4.59,1.0000010000000001,4.589995410004589
JarvisLabs,H100 SXM,$3.49/hr,3.49,USD,1,H100,On-Demand,2026-10-07 11:54:54,File_2_14_providers,3.49,1.1269,0.01037,2026-10-07 11:55:11,3.49,SXM,1,1,3.49,1.0000010000000001,3.4899965100034898
JarvisLabs,H100 (Price First),$3.49/hr,3.49,USD,1,H100,On-Demand,2026-10-07 11:54:54,File_2_14_providers,3.49,1.1269,0.01037,2026-10-07 11:55:11,3.49,SXM,1,1,3.49,1.0000010000000001,3.4899965100034898
JarvisLabs,H200 (Price First),$4.59/hr,4.59,USD,1,H200,On-Demand,2026-10-07 11:54:54,File_2_14_providers,4.59,1.1269,0.01037,2026-10-07 11:55:11,4.59,SXM,1,1,4.59,1.0000010000000001,4.589995410004589
JarvisLabs,H100 (Line Context),$10./hr,10.0,USD,1,H100,On-Demand,2026-10-07 11:54:54,File_2_14_providers,10.0,1.1269,0.01037,2026-10-07 11:55:11,10.0,SXM,1,1,10.0,1.0000010000000001,9.999990000009998
Google Cloud,"H100 (A3 High 8x, on-demand)",$50.32/hr,50.32,USD,1,H100,On-Demand,2026-10-07 11:54:54,File_2_14_providers,50.32,1.1269,0.01037,2026-10-07 11:55:11,50.32,SXM,1,8,6.29,1.0000010000000001,6.289993710006289
Google Cloud,"H100 (A3 High, per GPU est.)",$6.29/hr,6.29,USD,1,H100,On-Demand,2026-10-07 11:54:54,File_2_14_providers,6.29,1.1269,0.01037,2026-10-07 11:55:11,6.29,SXM,1,1,6.29,1.0000010000000001,6.289993710006289
Google Cloud,"H100 Mega (A3 Mega 8x, on-demand)",$53.10/hr,53.1,USD,1,H100,On-Demand,2026-10-07 11:54:54,File_2_14_providers,53.1,1.1269,0.01037,2026-10-07 11:55:11,53.1,SXM,1,8,6.6375,1.0000010000000001,6.637493362506636
Google Cloud,"H100 Mega (A3 Mega, per GPU est.)",$6.64/hr,6.64,USD,1,H100,On-Demand,2026-10-07 11:54:54,File_2_14_providers,6.64,1.1269,0.01037,2026-10-07 11:55:11,6.64,SXM,1,1,6.64,1.0000010000000001,6.639993360006638
Vast.ai,H100 NVL (API),$2.27/hr,2.27,USD,1,H100,On-Demand,2026-10-07 11:54:54,File_2_14_providers,2.27,1.1269,0.01037,2026-10-07 11:55:11,2.27,NVL,1,1,2.27,1.0474035858208957,2.1672639188273375
Vast.ai,H200 (API),$2.63/hr,2.63,USD,1,H200,On-Demand,2026-10-07 11:54:54,File_2_14_providers,2.63,1.1269,0.01037,2026-10-07 11:55:11,2.63,SXM,1,1,2.63,1.0000010000000001,2.6299973700026293
Latitude.sh,H100 (Standard),$1.68/hr,1.68,USD,1,H100,On-Demand,2026-10-07 11:54:54,File_2_14_providers,1.68,1.1269,0.01037,2026-10-07 11:55:11,1.68,SXM,1,1,1.68,1.0000010000000001,1.6799983200016797
Latitude.sh,H100 (1x GPU),$1.68/hr,1.68,USD,1,H100,On-Demand,2026-10-07 11:54:54,File_2_14_providers,1.68,1.1269,0.01037,2026-10-07 11:55:11,1.68,SXM,1,1,1.68,1.0000010000000001,1.6799983200016797
Latitude.sh,H100 (Accelerate Small - 1x GPU),$1.68/hr,1.68,USD,1,H100,On-Demand,2026-10-07 11:54:54,File_2_14_providers,1.68,1.1269,0.01037,2026-10-07 11:55:11,1.68,SXM,1,1,1.68,1.0000010000000001,1.6799983200016797
Amazon Web Services,H100 (AWS P5),$6.88/hr,6.88,USD,1,H100,On-Demand,2026-10-07 11:54:54,File_2_14_providers,6.88,1.1269,0.01037,2026-10-07 11:55:11,6.88,SXM,1,1,6.88,1.0000010000000001,6.879993120006879
Microsoft Azure,H100 (ND96isr - 8x GPUs),$6.04/hr,6.04,USD,8,H100,On-Demand,2026-10-07 11:54:54,File_2_14_providers,6.04,1.1269,0.01037,2026-10-07 11:55:11,6.04,SXM,8,1,6.04,1.0000010000000001,6.039993960006039
RunPod,H100 PCIe,USD 2.89/hr,2.89,Unknown,1,H100,On-Demand,2026-10-07 11:54:54,File_2_14_providers,2.89,1.1269,0.01037,2026-10-07 11:55:11,2.89,PCIe,1,1,2.89,0.8312133384896913,3.476845072350631
RunPod,H100 SXM,USD 3.49/hr,3.49,Unknown,1,H100,On-Demand,2026-10-07 11:54:54,File_2_14_providers,3.49,1.1269,0.01037,2026-10-07 11:55:11,3.49,SXM,1,1,3.49,1.0000010000000001,3.4899965100034898
RunPod,H100 NVL,USD 3.19/hr,3.19,Unknown,1,H100,On-Demand,2026-10-07 11:54:54,File_2_14_providers,3.19,1.1269,0.01037,2026-10-07 11:55:11,3.19,NVL,1,1,3.19,1.0474035858208957,3.0456263881318093
Atlantic.net,H100 NVL (On-Demand),$3.94/hr,3.94,USD,1,H100,On-Demand,2026-10-07 11:54:54,File_2_14_providers,3.94,1.1269,0.01037,2026-10-07 11:55:11,3.94,NVL,1,1,3.94,1.0474035858208957,3.761682748977846
Microsoft Azure,H100 (ND96isr - 8x GPUs),$6.04/hr,6.04,USD,8,H100,On-Demand,2026-10-07 11:55:10,File_3_Azure,6.04,1.1269,0.01037,2026-10-07 11:55:11,6.04,SXM,8,1,6.04,1.0000010000000001,6.039993960006039
RunPod,H100 PCIe,$2.89/hr,2.89,USD,1,H100,On-Demand,2026-10-07 11:55:01,File_4_RunPod,2.89,1.1269,0.01037,2026-10-07 11:55:11,2.89,PCIe,1,1,2.89,0.8312133384896913,3.476845072350631
RunPod,H100 SXM,$3.49/hr,3.49,USD,1,H100,On-Demand,2026-10-07 11:55:01,File_4_RunPod,3.49,1.1269,0.01037,2026-10-07 11:55:11,3.49,SXM,1,1,3.49,1.0000010000000001,3.4899965100034898
RunPod,H100 NVL,$3.19/hr,3.19,USD,1,H100,On-Demand,2026-10-07 11:55:01,File_4_RunPod,3.19,1.1269,0.01037,2026-10-07 11:55:11,3.19,NVL,1,1,3.19,1.0474035858208957,3.0456263881318093
