Provider,GPU_Variant,Price_Original,Price_Numeric,Currency,GPU_Count,GPU_Type,Pricing_Model,Timestamp,Source_File,Price_USD,EUR_to_USD_Rate,INR_to_USD_Rate,Conversion_Date
HyperStack,H100 SXM,$3.20,3.2,USD,1,H100,On-Demand,2026-10-08 06:31:53,File_1_36_providers,3.2,1.1177,0.01034,2026-10-08 06:32:57
HyperStack,H100 NVLink,$2.60,2.6,USD,1,H100,On-Demand,2026-10-08 06:31:53,File_1_36_providers,2.6,1.1177,0.01034,2026-10-08 06:32:57
HyperStack,H100 (Standard),$2.50,2.5,USD,1,H100,On-Demand,2026-10-08 06:31:53,File_1_36_providers,2.5,1.1177,0.01034,2026-10-08 06:32:57
Atlantic.Net,H100NVL (1x GPU),$3.941,3.941,USD,1,H100,On-Demand,2026-10-08 06:31:53,File_1_36_providers,3.941,1.1177,0.01034,2026-10-08 06:32:57
Atlantic.Net,H100NVL,$3.941,3.941,USD,1,H100,On-Demand,2026-10-08 06:31:53,File_1_36_providers,3.941,1.1177,0.01034,2026-10-08 06:32:57
Civo,H100 SXM (1x GPU) Standard,$2.99,2.99,USD,1,H100,On-Demand,2026-10-08 06:31:53,File_1_36_providers,2.99,1.1177,0.01034,2026-10-08 06:32:57
Civo,H100 SXM (1x GPU) Discounted,$2.49,2.49,USD,1,H100,Discounted,2026-10-08 06:31:53,File_1_36_providers,2.49,1.1177,0.01034,2026-10-08 06:32:57
Civo,H100 SXM (8x GPUs) Standard,$23.92,23.92,USD,8,H100,On-Demand,2026-10-08 06:31:53,File_1_36_providers,23.92,1.1177,0.01034,2026-10-08 06:32:57
Civo,H100 SXM (8x GPUs) Discounted,$19.92,19.92,USD,8,H100,Discounted,2026-10-08 06:31:53,File_1_36_providers,19.92,1.1177,0.01034,2026-10-08 06:32:57
Civo,H100 PCI (1x GPU) Standard,$2.49,2.49,USD,1,H100,On-Demand,2026-10-08 06:31:53,File_1_36_providers,2.49,1.1177,0.01034,2026-10-08 06:32:57
Civo,H100 PCI (1x GPU) Discounted,$1.99,1.99,USD,1,H100,Discounted,2026-10-08 06:31:53,File_1_36_providers,1.99,1.1177,0.01034,2026-10-08 06:32:57
Civo,H100 PCI (2x GPUs) Standard,$4.98,4.98,USD,2,H100,On-Demand,2026-10-08 06:31:53,File_1_36_providers,4.98,1.1177,0.01034,2026-10-08 06:32:57
Civo,H100 PCI (2x GPUs) Discounted,$3.98,3.98,USD,2,H100,Discounted,2026-10-08 06:31:53,File_1_36_providers,3.98,1.1177,0.01034,2026-10-08 06:32:57
Civo,H100 PCI (4x GPUs) Standard,$9.96,9.96,USD,4,H100,On-Demand,2026-10-08 06:31:53,File_1_36_providers,9.96,1.1177,0.01034,2026-10-08 06:32:57
Civo,H100 PCI (4x GPUs) Discounted,$7.96,7.96,USD,4,H100,Discounted,2026-10-08 06:31:53,File_1_36_providers,7.96,1.1177,0.01034,2026-10-08 06:32:57
Civo,H100 PCI (8x GPUs) Standard,$19.92,19.92,USD,8,H100,On-Demand,2026-10-08 06:31:53,File_1_36_providers,19.92,1.1177,0.01034,2026-10-08 06:32:57
Civo,H100 PCI (8x GPUs) Discounted,$15.92,15.92,USD,8,H100,Discounted,2026-10-08 06:31:53,File_1_36_providers,15.92,1.1177,0.01034,2026-10-08 06:32:57
OVHcloud,H100 (AI Training/Notebooks),₹281.6,281.6,INR,1,H100,On-Demand,2026-10-08 06:31:53,File_1_36_providers,2.9117,1.1177,0.01034,2026-10-08 06:32:57
Gcore,H100 (8x GPUs - Inference),€1,1.0,EUR,8,H100,On-Demand,2026-10-08 06:31:53,File_1_36_providers,1.1177,1.1177,0.01034,2026-10-08 06:32:57
Koyeb,H100 (1x GPU),$2.50,2.5,USD,1,H100,On-Demand,2026-10-08 06:31:53,File_1_36_providers,2.5,1.1177,0.01034,2026-10-08 06:32:57
Koyeb,H100 (2x GPUs),$5.0,5.0,USD,2,H100,On-Demand,2026-10-08 06:31:53,File_1_36_providers,5.0,1.1177,0.01034,2026-10-08 06:32:57
Koyeb,H100 (4x GPUs),$10.0,10.0,USD,4,H100,On-Demand,2026-10-08 06:31:53,File_1_36_providers,10.0,1.1177,0.01034,2026-10-08 06:32:57
Nebius,HGX H100 (On-Demand),$3.85,3.85,USD,1,H100,On-Demand,2026-10-08 06:31:53,File_1_36_providers,3.85,1.1177,0.01034,2026-10-08 06:32:57
TaigaCloud,H100 SXM (1x GPU),$2.80,2.8,USD,1,H100,On-Demand,2026-10-08 06:31:53,File_1_36_providers,2.8,1.1177,0.01034,2026-10-08 06:32:57
TaigaCloud,H100 SXM (4x GPUs),$11.20,11.2,USD,4,H100,On-Demand,2026-10-08 06:31:53,File_1_36_providers,11.2,1.1177,0.01034,2026-10-08 06:32:57
TaigaCloud,H100 SXM (8x GPUs),$22.40,22.4,USD,8,H100,On-Demand,2026-10-08 06:31:53,File_1_36_providers,22.4,1.1177,0.01034,2026-10-08 06:32:57
Neysa.ai,H100 SXM (80GB),$4.39,4.39,USD,1,H100,On-Demand,2026-10-08 06:31:53,File_1_36_providers,4.39,1.1177,0.01034,2026-10-08 06:32:57
ShaktiCloud,H100 SLURM (per GPU),₹386,386.0,INR,1,H100,On-Demand,2026-10-08 06:31:53,File_1_36_providers,3.9912,1.1177,0.01034,2026-10-08 06:32:57
ShaktiCloud,H100 Kubernetes (per GPU),₹386,386.0,INR,1,H100,On-Demand,2026-10-08 06:31:53,File_1_36_providers,3.9912,1.1177,0.01034,2026-10-08 06:32:57
ShaktiCloud,H100 Serverless 80GB (per hour),₹25668.00,25668.0,INR,1,H100,On-Demand,2026-10-08 06:31:53,File_1_36_providers,265.4071,1.1177,0.01034,2026-10-08 06:32:57
ShaktiCloud,H100 Azure ML (per GPU),₹264,264.0,INR,1,H100,On-Demand,2026-10-08 06:31:53,File_1_36_providers,2.7298,1.1177,0.01034,2026-10-08 06:32:57
GMICloud,H100 (per GPU),$8.00,8.0,USD,1,H100,On-Demand,2026-10-08 06:31:53,File_1_36_providers,8.0,1.1177,0.01034,2026-10-08 06:32:57
Lambda Labs,H100,$9.86,9.86,USD,1,H100,On-Demand,2026-10-08 06:31:53,File_1_36_providers,9.86,1.1177,0.01034,2026-10-08 06:32:57
Lambda Labs,H100 SXM,$3.99,3.99,USD,1,H100,On-Demand,2026-10-08 06:31:53,File_1_36_providers,3.99,1.1177,0.01034,2026-10-08 06:32:57
Qubrid,H100 (80GB - 1x GPU),$2.73,2.73,USD,1,H100,On-Demand,2026-10-08 06:31:53,File_1_36_providers,2.73,1.1177,0.01034,2026-10-08 06:32:57
EdgeVana,H100,$3.28,3.28,USD,1,H100,On-Demand,2026-10-08 06:31:53,File_1_36_providers,3.28,1.1177,0.01034,2026-10-08 06:32:57
Replicate,H100 GPU,$5.49,5.49,USD,1,H100,On-Demand,2026-10-08 06:31:53,File_1_36_providers,5.49,1.1177,0.01034,2026-10-08 06:32:57
Replicate,H100,$0.001525,0.001525,USD,1,H100,On-Demand,2026-10-08 06:31:53,File_1_36_providers,0.001525,1.1177,0.01034,2026-10-08 06:32:57
AceCloud,H100 GPU,₹2.31,2.31,INR,1,H100,On-Demand,2026-10-08 06:31:53,File_1_36_providers,0.0239,1.1177,0.01034,2026-10-08 06:32:57
Massed Compute,H100 SXM5,$3.14,3.14,USD,1,H100,On-Demand,2026-10-08 06:31:53,File_1_36_providers,3.14,1.1177,0.01034,2026-10-08 06:32:57
Massed Compute,H100 NVL,$5.84,5.84,USD,1,H100,On-Demand,2026-10-08 06:31:53,File_1_36_providers,5.84,1.1177,0.01034,2026-10-08 06:32:57
LeaderGPU,H100 (8x GPUs - NVLink),€22.04,22.04,EUR,8,H100,On-Demand,2026-10-08 06:31:53,File_1_36_providers,24.6341,1.1177,0.01034,2026-10-08 06:32:57
LeaderGPU,H100 (2x GPUs - Summer Promo),€4.19,4.19,EUR,2,H100,On-Demand,2026-10-08 06:31:53,File_1_36_providers,4.6832,1.1177,0.01034,2026-10-08 06:32:57
LeaderGPU,H100 (2x GPUs - Regular),€6.98,6.98,EUR,2,H100,On-Demand,2026-10-08 06:31:53,File_1_36_providers,7.8015,1.1177,0.01034,2026-10-08 06:32:57
LeaderGPU,H100 (2x GPUs - per hour),€22.20,22.2,EUR,2,H100,On-Demand,2026-10-08 06:31:53,File_1_36_providers,24.8129,1.1177,0.01034,2026-10-08 06:32:57
Baseten,H100 (80GB VRAM),$6.50,6.5,USD,1,H100,On-Demand,2026-10-08 06:31:53,File_1_36_providers,6.5,1.1177,0.01034,2026-10-08 06:32:57
Baseten,H100 MIG (40GB VRAM),$3.75,3.75,USD,1,H100,On-Demand,2026-10-08 06:31:53,File_1_36_providers,3.75,1.1177,0.01034,2026-10-08 06:32:57
Fal.AI,H100 (80GB),$2.49,2.49,USD,1,H100,On-Demand,2026-10-08 06:31:53,File_1_36_providers,2.49,1.1177,0.01034,2026-10-08 06:32:57
Fal.AI,H100,$12.99,12.99,USD,1,H100,On-Demand,2026-10-08 06:31:53,File_1_36_providers,12.99,1.1177,0.01034,2026-10-08 06:32:57
Modal,H100,$3.95,3.95,USD,1,H100,On-Demand,2026-10-08 06:31:53,File_1_36_providers,3.95,1.1177,0.01034,2026-10-08 06:32:57
E2E Networks,1×H100 SXM (80GB) - Regular,₹450,450.0,INR,1,H100,On-Demand,2026-10-08 06:31:53,File_1_36_providers,4.653,1.1177,0.01034,2026-10-08 06:32:57
E2E Networks,2×H100 SXM (80GB) - Regular,₹816,816.0,INR,1,H100,On-Demand,2026-10-08 06:31:53,File_1_36_providers,8.4374,1.1177,0.01034,2026-10-08 06:32:57
E2E Networks,4×H100 SXM (80GB) - Regular,"₹1,560",1560.0,INR,1,H100,On-Demand,2026-10-08 06:31:53,File_1_36_providers,16.1304,1.1177,0.01034,2026-10-08 06:32:57
E2E Networks,8×H100 SXM (80GB) - Regular,"₹3,040",3040.0,INR,1,H100,On-Demand,2026-10-08 06:31:53,File_1_36_providers,31.4336,1.1177,0.01034,2026-10-08 06:32:57
E2E Networks,1×H100 - Spot,₹175,175.0,INR,1,H100,Spot,2026-10-08 06:31:53,File_1_36_providers,1.8095,1.1177,0.01034,2026-10-08 06:32:57
E2E Networks,2×H100 - Spot,₹350,350.0,INR,1,H100,Spot,2026-10-08 06:31:53,File_1_36_providers,3.619,1.1177,0.01034,2026-10-08 06:32:57
E2E Networks,4×H100 - Spot,₹700,700.0,INR,1,H100,Spot,2026-10-08 06:31:53,File_1_36_providers,7.238,1.1177,0.01034,2026-10-08 06:32:57
E2E Networks,8×H100 HGX,"₹3,152",3152.0,INR,1,H100,On-Demand,2026-10-08 06:31:53,File_1_36_providers,32.5917,1.1177,0.01034,2026-10-08 06:32:57
E2E Networks,4×H100 HGX,"₹1,576",1576.0,INR,1,H100,On-Demand,2026-10-08 06:31:53,File_1_36_providers,16.2958,1.1177,0.01034,2026-10-08 06:32:57
Seeweb,H100 SXM (80GB),€2.35,2.35,EUR,1,H100,On-Demand,2026-10-08 06:31:53,File_1_36_providers,2.6266,1.1177,0.01034,2026-10-08 06:32:57
AtlasCloud,H100 GPU Instance,$3.50,3.5,USD,1,H100,On-Demand,2026-10-08 06:31:53,File_1_36_providers,3.5,1.1177,0.01034,2026-10-08 06:32:57
Crusoe,H100 80GB SXM (On-Demand),$3.90,3.9,USD,1,H100,On-Demand,2026-10-08 06:31:53,File_1_36_providers,3.9,1.1177,0.01034,2026-10-08 06:32:57
Crusoe,H100 80GB SXM (6-month reserved),$3.12,3.12,USD,1,H100,Reserved,2026-10-08 06:31:53,File_1_36_providers,3.12,1.1177,0.01034,2026-10-08 06:32:57
Crusoe,H100 80GB SXM (1-year reserved),$2.93,2.93,USD,1,H100,Reserved,2026-10-08 06:31:53,File_1_36_providers,2.93,1.1177,0.01034,2026-10-08 06:32:57
Crusoe,H100 80GB SXM (3-year reserved),$2.54,2.54,USD,1,H100,Reserved,2026-10-08 06:31:53,File_1_36_providers,2.54,1.1177,0.01034,2026-10-08 06:32:57
Leaseweb,H100 (2x GPUs - Dedicated Monthly),€2.76,2.76,EUR,2,H100,Monthly,2026-10-08 06:31:53,File_1_36_providers,3.0849,1.1177,0.01034,2026-10-08 06:32:57
Leaseweb,H100 (Per GPU - Dedicated Monthly),€1.38,1.38,EUR,1,H100,Monthly,2026-10-08 06:31:53,File_1_36_providers,1.5424,1.1177,0.01034,2026-10-08 06:32:57
HydraHost,H100 (per card-hour),$2.30,2.3,USD,1,H100,On-Demand,2026-10-08 06:31:53,File_1_36_providers,2.3,1.1177,0.01034,2026-10-08 06:32:57
VoltagePark,H100 (On-Demand Ethernet),$1.99,1.99,USD,1,H100,On-Demand,2026-10-08 06:31:53,File_1_36_providers,1.99,1.1177,0.01034,2026-10-08 06:32:57
VoltagePark,H100 (On-Demand InfiniBand),$2.49,2.49,USD,1,H100,On-Demand,2026-10-08 06:31:53,File_1_36_providers,2.49,1.1177,0.01034,2026-10-08 06:32:57
HyperStack,H100 SXM,$3.20,3.2,USD,1,H100,On-Demand,2026-10-08 06:32:35,File_2_14_providers,3.2,1.1177,0.01034,2026-10-08 06:32:57
HyperStack,H100 NVLink,$2.60,2.6,USD,1,H100,On-Demand,2026-10-08 06:32:35,File_2_14_providers,2.6,1.1177,0.01034,2026-10-08 06:32:57
HyperStack,H100 (Standard),$2.50,2.5,USD,1,H100,On-Demand,2026-10-08 06:32:35,File_2_14_providers,2.5,1.1177,0.01034,2026-10-08 06:32:57
Atlantic.Net,H100NVL (1x GPU),$3.941,3.941,USD,1,H100,On-Demand,2026-10-08 06:32:35,File_2_14_providers,3.941,1.1177,0.01034,2026-10-08 06:32:57
Atlantic.Net,H100NVL,$3.941,3.941,USD,1,H100,On-Demand,2026-10-08 06:32:35,File_2_14_providers,3.941,1.1177,0.01034,2026-10-08 06:32:57
Civo,H100 SXM (1x GPU) Standard,$2.99,2.99,USD,1,H100,On-Demand,2026-10-08 06:32:35,File_2_14_providers,2.99,1.1177,0.01034,2026-10-08 06:32:57
Civo,H100 SXM (1x GPU) Discounted,$2.49,2.49,USD,1,H100,Discounted,2026-10-08 06:32:35,File_2_14_providers,2.49,1.1177,0.01034,2026-10-08 06:32:57
Civo,H100 SXM (8x GPUs) Standard,$23.92,23.92,USD,8,H100,On-Demand,2026-10-08 06:32:35,File_2_14_providers,23.92,1.1177,0.01034,2026-10-08 06:32:57
Civo,H100 SXM (8x GPUs) Discounted,$19.92,19.92,USD,8,H100,Discounted,2026-10-08 06:32:35,File_2_14_providers,19.92,1.1177,0.01034,2026-10-08 06:32:57
Civo,H100 PCI (1x GPU) Standard,$2.49,2.49,USD,1,H100,On-Demand,2026-10-08 06:32:35,File_2_14_providers,2.49,1.1177,0.01034,2026-10-08 06:32:57
Civo,H100 PCI (1x GPU) Discounted,$1.99,1.99,USD,1,H100,Discounted,2026-10-08 06:32:35,File_2_14_providers,1.99,1.1177,0.01034,2026-10-08 06:32:57
Civo,H100 PCI (2x GPUs) Standard,$4.98,4.98,USD,2,H100,On-Demand,2026-10-08 06:32:35,File_2_14_providers,4.98,1.1177,0.01034,2026-10-08 06:32:57
Civo,H100 PCI (2x GPUs) Discounted,$3.98,3.98,USD,2,H100,Discounted,2026-10-08 06:32:35,File_2_14_providers,3.98,1.1177,0.01034,2026-10-08 06:32:57
Civo,H100 PCI (4x GPUs) Standard,$9.96,9.96,USD,4,H100,On-Demand,2026-10-08 06:32:35,File_2_14_providers,9.96,1.1177,0.01034,2026-10-08 06:32:57
Civo,H100 PCI (4x GPUs) Discounted,$7.96,7.96,USD,4,H100,Discounted,2026-10-08 06:32:35,File_2_14_providers,7.96,1.1177,0.01034,2026-10-08 06:32:57
Civo,H100 PCI (8x GPUs) Standard,$19.92,19.92,USD,8,H100,On-Demand,2026-10-08 06:32:35,File_2_14_providers,19.92,1.1177,0.01034,2026-10-08 06:32:57
Civo,H100 PCI (8x GPUs) Discounted,$15.92,15.92,USD,8,H100,Discounted,2026-10-08 06:32:35,File_2_14_providers,15.92,1.1177,0.01034,2026-10-08 06:32:57
GPU-Mart,H100 (Monthly),$2.92/hr,2.92,USD,1,H100,Monthly,2026-10-08 06:32:35,File_2_14_providers,2.92,1.1177,0.01034,2026-10-08 06:32:57
GPU-Mart,H100 Dedicated Server,$2.92/hr,2.92,USD,1,H100,On-Demand,2026-10-08 06:32:35,File_2_14_providers,2.92,1.1177,0.01034,2026-10-08 06:32:57
GPU-Mart,H100 Plan,$2.92/hr,2.92,USD,1,H100,On-Demand,2026-10-08 06:32:35,File_2_14_providers,2.92,1.1177,0.01034,2026-10-08 06:32:57
JarvisLabs,H100,$10.0/hr,10.0,USD,1,H100,On-Demand,2026-10-08 06:32:35,File_2_14_providers,10.0,1.1177,0.01034,2026-10-08 06:32:57
JarvisLabs,H200,$4.59/hr,4.59,USD,1,H200,On-Demand,2026-10-08 06:32:35,File_2_14_providers,4.59,1.1177,0.01034,2026-10-08 06:32:57
JarvisLabs,H100 (NVIDIA),$3.49/hr,3.49,USD,1,H100,On-Demand,2026-10-08 06:32:35,File_2_14_providers,3.49,1.1177,0.01034,2026-10-08 06:32:57
JarvisLabs,H200 (NVIDIA),$4.59/hr,4.59,USD,1,H200,On-Demand,2026-10-08 06:32:35,File_2_14_providers,4.59,1.1177,0.01034,2026-10-08 06:32:57
JarvisLabs,H100 SXM,$3.49/hr,3.49,USD,1,H100,On-Demand,2026-10-08 06:32:35,File_2_14_providers,3.49,1.1177,0.01034,2026-10-08 06:32:57
JarvisLabs,H100 (Price First),$3.49/hr,3.49,USD,1,H100,On-Demand,2026-10-08 06:32:35,File_2_14_providers,3.49,1.1177,0.01034,2026-10-08 06:32:57
JarvisLabs,H200 (Price First),$4.59/hr,4.59,USD,1,H200,On-Demand,2026-10-08 06:32:35,File_2_14_providers,4.59,1.1177,0.01034,2026-10-08 06:32:57
JarvisLabs,H100 (Line Context),$10./hr,10.0,USD,1,H100,On-Demand,2026-10-08 06:32:35,File_2_14_providers,10.0,1.1177,0.01034,2026-10-08 06:32:57
Google Cloud,"H100 (A3 High 8x, on-demand)",$50.32/hr,50.32,USD,1,H100,On-Demand,2026-10-08 06:32:35,File_2_14_providers,50.32,1.1177,0.01034,2026-10-08 06:32:57
Google Cloud,"H100 (A3 High, per GPU est.)",$6.29/hr,6.29,USD,1,H100,On-Demand,2026-10-08 06:32:35,File_2_14_providers,6.29,1.1177,0.01034,2026-10-08 06:32:57
Google Cloud,"H100 Mega (A3 Mega 8x, on-demand)",$53.10/hr,53.1,USD,1,H100,On-Demand,2026-10-08 06:32:35,File_2_14_providers,53.1,1.1177,0.01034,2026-10-08 06:32:57
Google Cloud,"H100 Mega (A3 Mega, per GPU est.)",$6.64/hr,6.64,USD,1,H100,On-Demand,2026-10-08 06:32:35,File_2_14_providers,6.64,1.1177,0.01034,2026-10-08 06:32:57
Vast.ai,H100 NVL (API),$2.27/hr,2.27,USD,1,H100,On-Demand,2026-10-08 06:32:35,File_2_14_providers,2.27,1.1177,0.01034,2026-10-08 06:32:57
Vast.ai,H200 (API),$2.63/hr,2.63,USD,1,H200,On-Demand,2026-10-08 06:32:35,File_2_14_providers,2.63,1.1177,0.01034,2026-10-08 06:32:57
Latitude.sh,H100 (Standard),$1.68/hr,1.68,USD,1,H100,On-Demand,2026-10-08 06:32:35,File_2_14_providers,1.68,1.1177,0.01034,2026-10-08 06:32:57
Latitude.sh,H100 (1x GPU),$1.68/hr,1.68,USD,1,H100,On-Demand,2026-10-08 06:32:35,File_2_14_providers,1.68,1.1177,0.01034,2026-10-08 06:32:57
Latitude.sh,H100 (Accelerate Small - 1x GPU),$1.68/hr,1.68,USD,1,H100,On-Demand,2026-10-08 06:32:35,File_2_14_providers,1.68,1.1177,0.01034,2026-10-08 06:32:57
Amazon Web Services,H100 (AWS P5),$6.88/hr,6.88,USD,1,H100,On-Demand,2026-10-08 06:32:35,File_2_14_providers,6.88,1.1177,0.01034,2026-10-08 06:32:57
Microsoft Azure,H100 (ND96isr - 8x GPUs),$6.04/hr,6.04,USD,8,H100,On-Demand,2026-10-08 06:32:35,File_2_14_providers,6.04,1.1177,0.01034,2026-10-08 06:32:57
RunPod,H100 PCIe,USD 2.89/hr,2.89,Unknown,1,H100,On-Demand,2026-10-08 06:32:35,File_2_14_providers,2.89,1.1177,0.01034,2026-10-08 06:32:57
RunPod,H100 SXM,USD 3.49/hr,3.49,Unknown,1,H100,On-Demand,2026-10-08 06:32:35,File_2_14_providers,3.49,1.1177,0.01034,2026-10-08 06:32:57
RunPod,H100 NVL,USD 3.19/hr,3.19,Unknown,1,H100,On-Demand,2026-10-08 06:32:35,File_2_14_providers,3.19,1.1177,0.01034,2026-10-08 06:32:57
Atlantic.net,H100 NVL (On-Demand),$3.94/hr,3.94,USD,1,H100,On-Demand,2026-10-08 06:32:35,File_2_14_providers,3.94,1.1177,0.01034,2026-10-08 06:32:57
Microsoft Azure,H100 (ND96isr - 8x GPUs),$6.04/hr,6.04,USD,8,H100,On-Demand,2026-10-08 06:32:57,File_3_Azure,6.04,1.1177,0.01034,2026-10-08 06:32:57
RunPod,H100 PCIe,$2.89/hr,2.89,USD,1,H100,On-Demand,2026-10-08 06:32:42,File_4_RunPod,2.89,1.1177,0.01034,2026-10-08 06:32:57
RunPod,H100 SXM,$3.49/hr,3.49,USD,1,H100,On-Demand,2026-10-08 06:32:42,File_4_RunPod,3.49,1.1177,0.01034,2026-10-08 06:32:57
RunPod,H100 NVL,$3.19/hr,3.19,USD,1,H100,On-Demand,2026-10-08 06:32:42,File_4_RunPod,3.19,1.1177,0.01034,2026-10-08 06:32:57
