Provider,AvgNormalizedPrice,VariantCount,StdDevNormalizedPrice,AvgPricePerGPU,AvgOriginalPrice
AceCloud,0.0002,1,,0.0002,0.0239
Replicate,0.0282,2,0.0377,0.0282,2.7458
AtlasCloud,0.035,1,,0.035,3.5
Gcore,0.1401,1,,0.1401,1.1206
Leaseweb,1.5464,2,0.0,1.5464,2.3197
Latitude.sh,1.68,3,0.0,1.68,1.68
VoltagePark,2.24,2,0.3536,2.24,2.24
HydraHost,2.3,1,,2.3,2.3
Koyeb,2.5,3,0.0,2.5,5.8333
Seeweb,2.6334,1,,2.6334,2.6334
Vast.ai,2.6424,3,0.4815,2.6767,2.6767
Civo,2.7099,24,0.2918,2.4067,9.71
HyperStack,2.7274,6,0.3661,2.7667,2.7667
Qubrid,2.73,1,,2.73,2.73
TaigaCloud,2.8,3,0.0,2.8,12.1333
OVHcloud,2.9117,1,,2.9117,2.9117
GPU-Mart,2.92,3,0.0,2.92,2.92
Crusoe,3.1225,4,0.5718,3.1225,3.1225
E2E Networks,3.3789,9,1.1945,3.3789,13.5787
RunPod,3.5042,6,0.4229,3.3567,3.3567
Atlantic.net,3.7617,1,,3.94,3.94
Atlantic.Net,3.7626,4,0.0,3.941,3.941
Nebius,3.85,1,,3.85,3.85
Modal,3.95,1,,3.95,3.95
Massed Compute,4.3578,2,1.7223,4.49,4.49
Neysa.ai,4.39,1,,4.39,4.39
LeaderGPU,5.4112,4,4.729,5.4461,15.5231
EdgeVana,5.47,1,,5.47,5.47
JarvisLabs,5.53,8,2.8055,5.53,5.53
Microsoft Azure,6.04,2,0.0,6.04,6.04
Google Cloud,6.4644,4,0.2014,6.4644,29.0875
Amazon Web Services,6.88,1,,6.88,6.88
Lambda Labs,6.925,2,4.1507,6.925,6.925
Baseten,6.9997,2,0.7067,5.125,5.125
Fal.AI,7.74,2,7.4246,7.74,7.74
GMICloud,8.0,1,,8.0,8.0
ShaktiCloud,69.0298,4,130.9194,69.0298,69.0298
